                  epoch,         train/box_loss,         train/seg_loss,         train/cls_loss,         train/dfl_loss,   metrics/precision(B),      metrics/recall(B),       metrics/mAP50(B),    metrics/mAP50-95(B),   metrics/precision(M),      metrics/recall(M),       metrics/mAP50(M),    metrics/mAP50-95(M),           val/box_loss,           val/seg_loss,           val/cls_loss,           val/dfl_loss,                 lr/pg0,                 lr/pg1,                 lr/pg2
                      1,                 1.4326,                 2.7837,                 2.6462,                 1.3271,                0.52621,                0.33245,                0.28606,                0.17155,                 0.5263,                0.32607,                0.27976,                0.15108,                 1.3483,                 2.4651,                 1.7784,                 1.2939,              0.0033296,              0.0033296,              0.0033296
                      2,                 1.3178,                 2.4674,                 1.6602,                 1.2467,                0.50082,                0.39609,                  0.343,                0.21041,                0.49894,                0.38863,                0.33615,                0.18475,                 1.2592,                  2.355,                 1.5269,                 1.2297,              0.0066585,              0.0066585,              0.0066585
                      3,                 1.3096,                 2.4599,                 1.5922,                 1.2319,                0.40742,                0.39012,                0.32656,                0.19656,                0.39165,                 0.3803,                0.31756,                0.17104,                 1.3237,                 2.5688,                 1.5954,                 1.2868,               0.009983,               0.009983,               0.009983
                      4,                 1.3106,                 2.4579,                 1.5461,                 1.2332,                0.43288,                0.42185,                0.36289,                0.22306,                0.43338,                0.41342,                0.35593,                0.19845,                 1.2529,                 2.3476,                 1.4431,                 1.2258,              0.0099802,              0.0099802,              0.0099802
                      5,                 1.2829,                 2.4127,                 1.4747,                 1.2117,                0.44814,                0.43888,                0.38511,                0.23935,                0.44821,                0.43189,                0.37796,                0.21123,                 1.2452,                 2.3281,                 1.3864,                  1.206,              0.0099736,              0.0099736,              0.0099736
                      6,                 1.2588,                 2.3709,                 1.4211,                 1.1953,                0.43632,                0.45637,                  0.396,                0.24966,                0.43505,                0.44749,                0.38778,                0.21767,                 1.2036,                 2.2785,                  1.357,                 1.1818,               0.009967,               0.009967,               0.009967
                      7,                 1.2454,                 2.3447,                 1.3864,                  1.185,                0.47504,                0.46515,                0.40525,                0.25735,                0.47434,                0.45469,                0.39728,                0.22516,                 1.2021,                  2.228,                 1.2962,                 1.1737,              0.0099604,              0.0099604,              0.0099604
                      8,                 1.2365,                 2.3316,                 1.3622,                 1.1766,                0.47804,                0.47255,                0.41452,                0.26488,                0.48008,                0.46306,                0.40576,                0.23183,                 1.1846,                 2.1979,                 1.2656,                  1.163,              0.0099538,              0.0099538,              0.0099538
                      9,                 1.2236,                 2.3017,                 1.3402,                 1.1722,                0.47895,                0.47972,                0.42286,                0.27147,                0.47737,                0.46994,                0.41266,                0.23763,                 1.1708,                 2.1713,                 1.2521,                 1.1555,              0.0099472,              0.0099472,              0.0099472
                     10,                 1.2225,                 2.2991,                 1.3268,                 1.1695,                0.48946,                0.48314,                0.42684,                0.27627,                0.49232,                0.47289,                0.41667,                0.24154,                 1.1655,                 2.1648,                 1.2312,                 1.1497,              0.0099406,              0.0099406,              0.0099406
                     11,                 1.2117,                 2.2822,                 1.3087,                 1.1625,                0.49343,                0.49119,                0.43015,                0.28002,                0.49639,                0.47974,                0.42138,                0.24503,                 1.1523,                 2.1487,                 1.2091,                 1.1391,               0.009934,               0.009934,               0.009934
                     12,                 1.2044,                 2.2708,                 1.2966,                 1.1604,                0.49573,                0.49959,                0.43932,                0.28678,                0.49638,                0.48955,                 0.4296,                0.25025,                 1.1505,                 2.1284,                 1.1935,                 1.1367,              0.0099274,              0.0099274,              0.0099274
                     13,                 1.2051,                 2.2719,                 1.2908,                 1.1579,                 0.4988,                0.50495,                0.44319,                0.29033,                0.49875,                0.49297,                0.43345,                0.25381,                 1.1362,                 2.1079,                 1.1782,                 1.1294,              0.0099208,              0.0099208,              0.0099208
                     14,                 1.2015,                 2.2597,                 1.2803,                 1.1559,                0.49844,                0.50008,                0.44804,                0.29331,                0.49971,                 0.4923,                0.44014,                0.25722,                  1.136,                 2.1045,                 1.1716,                 1.1282,              0.0099142,              0.0099142,              0.0099142
                     15,                 1.1955,                 2.2528,                 1.2735,                 1.1534,                0.50404,                0.50875,                0.45374,                0.29796,                0.50261,                0.49991,                0.44366,                0.26092,                 1.1259,                 2.0878,                 1.1547,                 1.1238,              0.0099076,              0.0099076,              0.0099076
                     16,                 1.1936,                 2.2506,                 1.2652,                 1.1489,                 0.5002,                0.51589,                0.45532,                 0.2997,                0.50497,                0.50311,                0.44599,                0.26133,                 1.1214,                 2.0826,                 1.1496,                 1.1216,               0.009901,               0.009901,               0.009901
                     17,                  1.194,                 2.2562,                 1.2635,                 1.1499,                0.50449,                0.51452,                0.45584,                0.30075,                 0.5048,                 0.5043,                0.44726,                 0.2631,                 1.1173,                 2.0726,                 1.1439,                 1.1168,              0.0098944,              0.0098944,              0.0098944
                     18,                 1.1896,                 2.2365,                 1.2552,                 1.1469,                0.50212,                0.52095,                0.46038,                0.30418,                0.50399,                0.50912,                0.45085,                0.26534,                 1.1126,                 2.0684,                 1.1356,                 1.1142,              0.0098878,              0.0098878,              0.0098878
                     19,                  1.188,                  2.237,                 1.2513,                 1.1452,                 0.5139,                0.52366,                0.46466,                0.30718,                0.51446,                0.51306,                0.45555,                0.26873,                 1.1134,                 2.0605,                 1.1275,                 1.1135,              0.0098812,              0.0098812,              0.0098812
                     20,                 1.1865,                 2.2325,                 1.2454,                 1.1431,                0.51457,                0.52045,                0.46514,                0.30912,                0.51744,                0.51002,                0.45669,                0.27044,                 1.1062,                 2.0544,                 1.1217,                 1.1098,              0.0098746,              0.0098746,              0.0098746
                     21,                 1.1853,                 2.2344,                 1.2448,                 1.1428,                0.51342,                0.52641,                0.46963,                 0.3128,                0.51262,                0.51666,                0.46055,                0.27363,                 1.1023,                 2.0466,                  1.116,                 1.1082,               0.009868,               0.009868,               0.009868
                     22,                 1.1808,                 2.2187,                 1.2373,                 1.1408,                0.51926,                0.52771,                0.47095,                0.31356,                0.52054,                0.51659,                0.46151,                0.27341,                 1.1021,                 2.0432,                 1.1125,                 1.1069,              0.0098614,              0.0098614,              0.0098614
                     23,                 1.1793,                 2.2181,                 1.2375,                 1.1409,                0.51699,                0.53063,                0.47226,                0.31517,                0.52116,                0.51756,                0.46311,                0.27485,                 1.0993,                 2.0367,                 1.1084,                  1.105,              0.0098548,              0.0098548,              0.0098548
                     24,                 1.1792,                  2.219,                 1.2334,                 1.1406,                0.51666,                0.53385,                0.47443,                0.31655,                0.51549,                0.52363,                0.46459,                0.27571,                 1.0968,                 2.0358,                 1.1053,                 1.1038,              0.0098482,              0.0098482,              0.0098482
                     25,                 1.1751,                 2.2127,                 1.2279,                 1.1387,                0.52097,                0.53243,                0.47499,                0.31767,                0.51942,                0.52456,                0.46541,                 0.2766,                 1.0933,                 2.0301,                 1.1008,                 1.1019,              0.0098416,              0.0098416,              0.0098416
                     26,                  1.177,                 2.2161,                   1.23,                 1.1366,                0.52263,                0.53469,                0.47698,                0.31891,                 0.5201,                0.52458,                0.46667,                0.27761,                 1.0929,                 2.0276,                 1.0972,                 1.1008,               0.009835,               0.009835,               0.009835
                     27,                 1.1737,                 2.2115,                 1.2249,                 1.1375,                0.52493,                0.53309,                0.47705,                0.31958,                0.52505,                0.52324,                0.46808,                0.27835,                 1.0913,                 2.0255,                 1.0951,                    1.1,              0.0098284,              0.0098284,              0.0098284
                     28,                 1.1722,                 2.2061,                 1.2176,                 1.1357,                0.52453,                0.53644,                0.47897,                 0.3206,                0.52408,                0.52583,                0.46908,                 0.2795,                 1.0903,                 2.0226,                 1.0924,                  1.099,              0.0098218,              0.0098218,              0.0098218
                     29,                 1.1675,                 2.1989,                 1.2174,                  1.134,                0.52592,                0.53641,                 0.4798,                0.32164,                  0.525,                0.52753,                0.47006,                0.28005,                 1.0885,                   2.02,                 1.0903,                 1.0982,              0.0098152,              0.0098152,              0.0098152
                     30,                 1.1701,                 2.2008,                 1.2139,                 1.1333,                0.52642,                0.53717,                0.48064,                0.32197,                0.52777,                0.52512,                0.47082,                0.28048,                 1.0882,                  2.018,                 1.0881,                 1.0976,              0.0098086,              0.0098086,              0.0098086
                     31,                 1.1728,                 2.2075,                 1.2175,                 1.1345,                0.52901,                0.53518,                0.48088,                 0.3225,                0.52917,                0.52798,                0.47167,                0.28118,                 1.0861,                  2.016,                 1.0862,                 1.0961,               0.009802,               0.009802,               0.009802
                     32,                 1.1684,                 2.2027,                 1.2106,                 1.1323,                0.53018,                0.53587,                0.48188,                0.32323,                0.52965,                0.52825,                 0.4723,                0.28144,                 1.0856,                 2.0148,                 1.0843,                  1.096,              0.0097954,              0.0097954,              0.0097954
                     33,                 1.1681,                 2.1936,                 1.2094,                 1.1323,                0.52802,                0.53918,                0.48257,                0.32388,                0.52748,                0.52963,                 0.4728,                0.28179,                 1.0849,                 2.0133,                 1.0827,                 1.0955,              0.0097888,              0.0097888,              0.0097888
                     34,                 1.1675,                  2.199,                 1.2103,                 1.1301,                0.53003,                 0.5406,                0.48316,                0.32432,                0.52778,                0.53178,                0.47313,                0.28199,                 1.0838,                 2.0122,                 1.0809,                 1.0947,              0.0097822,              0.0097822,              0.0097822
                     35,                 1.1643,                 2.1908,                  1.206,                 1.1322,                0.53373,                0.53878,                0.48392,                  0.325,                0.53035,                0.53182,                0.47444,                 0.2825,                  1.083,                 2.0105,                 1.0796,                 1.0944,              0.0097756,              0.0097756,              0.0097756
                     36,                 1.1653,                 2.1923,                 1.2107,                 1.1314,                0.53141,                0.54082,                0.48446,                0.32537,                0.53101,                0.53169,                0.47454,                0.28259,                 1.0822,                 2.0093,                 1.0785,                 1.0938,               0.009769,               0.009769,               0.009769
                     37,                 1.1677,                 2.1959,                 1.2091,                 1.1309,                0.53056,                 0.5423,                0.48473,                0.32557,                0.52936,                0.53446,                0.47512,                0.28281,                 1.0818,                 2.0085,                 1.0775,                 1.0932,              0.0097624,              0.0097624,              0.0097624
                     38,                 1.1658,                 2.1874,                 1.2065,                 1.1305,                0.53077,                0.54232,                0.48525,                0.32612,                0.52895,                0.53439,                0.47535,                 0.2834,                 1.0813,                 2.0074,                 1.0763,                 1.0928,              0.0097558,              0.0097558,              0.0097558
                     39,                 1.1627,                 2.1839,                 1.2043,                 1.1301,                0.53059,                0.54307,                0.48564,                0.32639,                0.52734,                0.53603,                0.47579,                0.28375,                 1.0809,                 2.0064,                 1.0756,                 1.0927,              0.0097492,              0.0097492,              0.0097492
                     40,                 1.1624,                 2.1863,                 1.1998,                 1.1278,                0.53141,                0.54283,                0.48621,                 0.3269,                0.52926,                0.53464,                0.47665,                0.28426,                 1.0805,                 2.0055,                 1.0748,                 1.0923,              0.0097426,              0.0097426,              0.0097426
                     41,                 1.1585,                 2.1811,                 1.1989,                 1.1279,                 0.5319,                0.54202,                0.48625,                0.32701,                0.53003,                0.53421,                0.47683,                 0.2844,                 1.0805,                 2.0048,                 1.0741,                 1.0923,               0.009736,               0.009736,               0.009736
                     42,                 1.1556,                 2.1745,                 1.1932,                  1.126,                0.53347,                0.54034,                0.48627,                0.32715,                0.53166,                0.53282,                0.47678,                0.28438,                 1.0802,                 2.0041,                 1.0733,                  1.092,              0.0097294,              0.0097294,              0.0097294
                     43,                  1.164,                 2.1847,                 1.1942,                 1.1269,                0.53201,                0.54135,                 0.4865,                0.32749,                0.53247,                0.53161,                0.47718,                0.28461,                   1.08,                 2.0035,                 1.0729,                 1.0919,              0.0097228,              0.0097228,              0.0097228
                     44,                 1.1618,                 2.1874,                 1.1972,                 1.1274,                 0.5325,                0.54162,                 0.4868,                0.32774,                0.53289,                0.53196,                 0.4774,                0.28481,                 1.0797,                 2.0028,                 1.0721,                 1.0917,              0.0097162,              0.0097162,              0.0097162
                     45,                 1.1633,                 2.1902,                 1.1971,                 1.1255,                0.53161,                 0.5424,                0.48707,                0.32801,                0.53092,                0.53484,                 0.4777,                0.28494,                 1.0794,                 2.0022,                 1.0718,                 1.0915,              0.0097096,              0.0097096,              0.0097096
                     46,                 1.1624,                 2.1805,                 1.1946,                 1.1271,                0.53081,                0.54319,                0.48718,                0.32805,                0.53134,                 0.5345,                0.47771,                0.28504,                 1.0792,                 2.0016,                 1.0714,                 1.0913,               0.009703,               0.009703,               0.009703
                     47,                 1.1562,                 2.1761,                 1.1925,                 1.1252,                 0.5329,                0.54221,                0.48735,                0.32824,                0.53251,                 0.5346,                0.47794,                0.28528,                 1.0789,                 2.0011,                 1.0709,                 1.0912,              0.0096964,              0.0096964,              0.0096964
                     48,                 1.1566,                  2.174,                 1.1915,                 1.1262,                0.53041,                0.54426,                0.48779,                0.32855,                0.53188,                0.53458,                0.47828,                0.28554,                 1.0787,                 2.0007,                 1.0705,                 1.0911,              0.0096898,              0.0096898,              0.0096898
                     49,                 1.1631,                 2.1833,                 1.1919,                 1.1279,                0.53078,                0.54441,                0.48795,                0.32876,                 0.5304,                0.53683,                0.47833,                0.28566,                 1.0784,                 2.0001,                   1.07,                 1.0909,              0.0096832,              0.0096832,              0.0096832
                     50,                 1.1586,                 2.1781,                 1.1904,                 1.1254,                0.52891,                0.54677,                0.48825,                0.32917,                0.52892,                 0.5377,                0.47853,                 0.2857,                  1.078,                 1.9998,                 1.0695,                 1.0906,              0.0096766,              0.0096766,              0.0096766
                     51,                 1.1636,                 2.1901,                 1.1955,                 1.1265,                0.52943,                0.54716,                0.48833,                0.32917,                0.52975,                0.53875,                0.47881,                0.28599,                 1.0779,                 1.9992,                 1.0691,                 1.0904,                0.00967,                0.00967,                0.00967
                     52,                 1.1595,                 2.1755,                 1.1893,                 1.1253,                 0.5301,                0.54695,                0.48861,                 0.3294,                  0.529,                0.53972,                0.47875,                0.28605,                 1.0777,                 1.9987,                 1.0687,                 1.0902,              0.0096634,              0.0096634,              0.0096634
                     53,                 1.1583,                 2.1723,                  1.187,                  1.124,                0.53095,                0.54683,                0.48878,                0.32954,                0.52903,                0.54092,                0.47891,                0.28625,                 1.0773,                 1.9981,                 1.0683,                 1.0899,              0.0096568,              0.0096568,              0.0096568
                     54,                 1.1586,                 2.1772,                 1.1879,                 1.1253,                0.53002,                0.54837,                0.48905,                0.32966,                0.52981,                0.53934,                0.47913,                0.28636,                 1.0771,                 1.9975,                 1.0679,                 1.0897,              0.0096502,              0.0096502,              0.0096502
                     55,                 1.1592,                 2.1742,                 1.1912,                 1.1257,                 0.5304,                0.54654,                0.48927,                0.32989,                0.53028,                 0.5377,                0.47937,                0.28649,                 1.0769,                  1.997,                 1.0675,                 1.0895,              0.0096436,              0.0096436,              0.0096436
                     56,                 1.1575,                 2.1731,                 1.1863,                 1.1237,                 0.5308,                0.54631,                0.48966,                0.33012,                0.53056,                0.53756,                0.47971,                0.28667,                 1.0768,                 1.9965,                  1.067,                 1.0894,               0.009637,               0.009637,               0.009637
                     57,                 1.1553,                 2.1702,                 1.1842,                 1.1236,                0.53208,                0.54604,                0.48993,                0.33032,                0.53118,                0.53718,                0.48014,                0.28695,                 1.0766,                  1.996,                 1.0666,                 1.0892,              0.0096304,              0.0096304,              0.0096304
                     58,                 1.1576,                 2.1743,                  1.185,                 1.1236,                0.53247,                0.54589,                0.49017,                0.33061,                0.53177,                0.53701,                0.48032,                0.28712,                 1.0762,                 1.9953,                 1.0661,                 1.0889,              0.0096238,              0.0096238,              0.0096238
                     59,                 1.1523,                  2.162,                 1.1819,                 1.1226,                0.53283,                0.54547,                0.49036,                0.33073,                0.53143,                0.53621,                0.48037,                0.28734,                  1.076,                 1.9948,                 1.0655,                 1.0888,              0.0096172,              0.0096172,              0.0096172
                     60,                 1.1582,                 2.1734,                 1.1878,                 1.1244,                0.53352,                0.54484,                 0.4906,                0.33106,                0.53086,                0.53827,                0.48051,                 0.2877,                 1.0757,                 1.9942,                  1.065,                 1.0886,              0.0096106,              0.0096106,              0.0096106
                     61,                 1.1522,                 2.1663,                 1.1822,                 1.1212,                0.53271,                0.54601,                0.49069,                0.33128,                0.53241,                0.53873,                0.48085,                0.28793,                 1.0754,                 1.9938,                 1.0646,                 1.0883,               0.009604,               0.009604,               0.009604
                     62,                 1.1551,                 2.1764,                 1.1821,                 1.1233,                0.53442,                0.54635,                0.49106,                0.33137,                0.53332,                0.53797,                0.48106,                0.28791,                 1.0753,                 1.9934,                 1.0642,                 1.0882,              0.0095974,              0.0095974,              0.0095974
                     63,                  1.151,                 2.1642,                 1.1784,                 1.1202,                0.53418,                0.54754,                0.49119,                0.33157,                0.53338,                0.53825,                0.48126,                0.28805,                 1.0751,                 1.9932,                 1.0637,                  1.088,              0.0095908,              0.0095908,              0.0095908
                     64,                 1.1538,                 2.1696,                 1.1808,                 1.1235,                0.53459,                 0.5477,                0.49138,                0.33168,                0.53346,                0.53809,                0.48153,                0.28821,                  1.075,                 1.9926,                 1.0633,                 1.0878,              0.0095842,              0.0095842,              0.0095842
                     65,                 1.1568,                 2.1677,                 1.1842,                 1.1225,                0.53551,                0.54756,                0.49161,                0.33189,                0.53505,                0.53857,                0.48161,                0.28842,                 1.0748,                 1.9922,                 1.0628,                 1.0877,              0.0095776,              0.0095776,              0.0095776
                     66,                  1.155,                 2.1657,                 1.1836,                 1.1235,                0.53407,                0.54982,                0.49187,                0.33197,                0.53467,                0.53942,                0.48181,                0.28856,                 1.0747,                 1.9918,                 1.0623,                 1.0876,               0.009571,               0.009571,               0.009571
                     67,                 1.1533,                 2.1651,                 1.1782,                 1.1214,                 0.5346,                0.54896,                0.49189,                0.33209,                0.53395,                0.53997,                0.48193,                0.28863,                 1.0745,                 1.9914,                 1.0619,                 1.0875,              0.0095644,              0.0095644,              0.0095644
                     68,                 1.1523,                 2.1675,                 1.1785,                 1.1209,                0.53442,                0.54859,                0.49221,                0.33228,                 0.5326,                0.54083,                0.48217,                0.28889,                 1.0743,                 1.9912,                 1.0616,                 1.0872,              0.0095578,              0.0095578,              0.0095578
                     69,                 1.1549,                 2.1699,                 1.1785,                 1.1207,                0.53399,                0.54827,                0.49235,                0.33236,                0.53248,                0.54047,                0.48231,                0.28885,                 1.0742,                 1.9907,                 1.0613,                 1.0871,              0.0095512,              0.0095512,              0.0095512
                     70,                 1.1496,                 2.1559,                 1.1771,                 1.1209,                0.53421,                0.54789,                0.49243,                 0.3325,                0.53466,                0.53903,                0.48247,                0.28888,                 1.0739,                 1.9905,                  1.061,                 1.0869,              0.0095446,              0.0095446,              0.0095446
                     71,                 1.1489,                 2.1567,                 1.1786,                 1.1214,                0.53547,                0.54804,                0.49274,                0.33271,                0.53339,                0.53999,                 0.4826,                0.28904,                 1.0737,                 1.9901,                 1.0606,                 1.0866,               0.009538,               0.009538,               0.009538
                     72,                 1.1549,                 2.1692,                 1.1755,                 1.1231,                0.53566,                0.54808,                 0.4927,                0.33265,                0.53379,                0.54047,                0.48259,                 0.2891,                 1.0735,                 1.9895,                 1.0602,                 1.0865,              0.0095314,              0.0095314,              0.0095314
                     73,                 1.1489,                 2.1589,                 1.1747,                 1.1202,                0.53646,                0.54794,                0.49286,                0.33296,                0.53451,                0.53995,                0.48274,                0.28919,                 1.0734,                 1.9891,                 1.0599,                 1.0863,              0.0095248,              0.0095248,              0.0095248
                     74,                 1.1454,                 2.1471,                 1.1695,                 1.1197,                0.53664,                0.54733,                0.49306,                 0.3332,                0.53474,                0.53959,                0.48316,                 0.2895,                 1.0733,                 1.9887,                 1.0593,                 1.0863,              0.0095182,              0.0095182,              0.0095182
                     75,                 1.1507,                 2.1626,                 1.1776,                 1.1196,                0.53563,                 0.5487,                0.49323,                0.33329,                0.53448,                0.54038,                0.48323,                0.28946,                 1.0732,                 1.9886,                  1.059,                 1.0861,              0.0095116,              0.0095116,              0.0095116
                     76,                 1.1535,                 2.1637,                 1.1779,                 1.1211,                0.53557,                 0.5501,                0.49344,                0.33337,                0.53293,                0.54237,                0.48351,                0.28968,                 1.0731,                 1.9881,                 1.0588,                 1.0859,               0.009505,               0.009505,               0.009505
                     77,                 1.1502,                 2.1613,                   1.18,                 1.1201,                0.53616,                0.54892,                0.49342,                0.33332,                 0.5343,                0.54132,                0.48351,                0.28985,                  1.073,                 1.9877,                 1.0584,                 1.0859,              0.0094984,              0.0094984,              0.0094984
                     78,                 1.1509,                 2.1546,                 1.1712,                 1.1191,                0.53535,                0.55045,                0.49359,                0.33343,                0.53409,                0.54252,                0.48372,                 0.2901,                  1.073,                 1.9876,                 1.0581,                 1.0858,              0.0094918,              0.0094918,              0.0094918
                     79,                 1.1505,                 2.1618,                 1.1728,                   1.12,                0.53647,                0.54984,                0.49391,                0.33367,                0.53462,                0.54059,                 0.4839,                 0.2904,                 1.0728,                 1.9871,                 1.0576,                 1.0856,              0.0094852,              0.0094852,              0.0094852
                     80,                 1.1513,                  2.158,                 1.1718,                 1.1196,                0.53567,                0.54914,                0.49397,                0.33383,                0.53459,                0.54018,                0.48388,                0.29036,                 1.0729,                 1.9866,                 1.0573,                 1.0856,              0.0094786,              0.0094786,              0.0094786
                     81,                 1.1508,                 2.1638,                 1.1758,                 1.1215,                0.53678,                0.54942,                0.49446,                0.33399,                 0.5355,                   0.54,                0.48408,                0.29056,                 1.0728,                 1.9865,                  1.057,                 1.0854,               0.009472,               0.009472,               0.009472
                     82,                 1.1545,                  2.166,                 1.1731,                 1.1188,                 0.5367,                0.54937,                0.49456,                 0.3341,                0.53691,                 0.5402,                0.48425,                0.29062,                 1.0726,                 1.9863,                 1.0568,                 1.0852,              0.0094654,              0.0094654,              0.0094654
                     83,                 1.1529,                 2.1615,                 1.1773,                 1.1202,                0.53604,                0.55028,                0.49467,                0.33422,                0.53549,                0.54096,                0.48438,                0.29089,                 1.0725,                  1.986,                 1.0564,                  1.085,              0.0094588,              0.0094588,              0.0094588
                     84,                 1.1524,                 2.1592,                 1.1733,                 1.1201,                0.53606,                0.55034,                0.49481,                0.33433,                0.53728,                 0.5388,                0.48451,                0.29099,                 1.0724,                 1.9854,                 1.0559,                 1.0849,              0.0094522,              0.0094522,              0.0094522
                     85,                   1.15,                 2.1573,                 1.1722,                 1.1197,                0.53632,                0.55005,                0.49505,                0.33439,                0.53836,                0.53743,                0.48476,                0.29113,                 1.0724,                 1.9853,                 1.0556,                 1.0847,              0.0094456,              0.0094456,              0.0094456
                     86,                 1.1478,                 2.1561,                 1.1713,                 1.1188,                0.53643,                0.55016,                0.49532,                0.33446,                0.53904,                0.53764,                0.48505,                0.29115,                 1.0723,                 1.9849,                 1.0552,                 1.0847,               0.009439,               0.009439,               0.009439
                     87,                 1.1484,                 2.1527,                 1.1722,                  1.117,                 0.5377,                 0.5489,                 0.4954,                0.33467,                0.53807,                0.53969,                0.48501,                0.29118,                 1.0722,                 1.9849,                 1.0549,                 1.0845,              0.0094324,              0.0094324,              0.0094324
                     88,                 1.1476,                 2.1518,                 1.1687,                 1.1177,                0.53838,                0.54812,                 0.4956,                0.33495,                0.53709,                0.54026,                0.48517,                0.29127,                  1.072,                 1.9845,                 1.0546,                 1.0844,              0.0094258,              0.0094258,              0.0094258
                     89,                 1.1497,                 2.1566,                 1.1729,                 1.1192,                0.53705,                0.54943,                0.49569,                0.33508,                0.53777,                0.54034,                0.48558,                0.29148,                 1.0718,                 1.9844,                 1.0542,                 1.0842,              0.0094192,              0.0094192,              0.0094192
                     90,                 1.1503,                 2.1577,                  1.169,                 1.1177,                 0.5382,                0.54786,                0.49582,                0.33519,                0.53734,                0.53981,                0.48551,                0.29159,                 1.0715,                 1.9841,                 1.0536,                 1.0841,              0.0094126,              0.0094126,              0.0094126
                     91,                  1.146,                 2.1499,                 1.1686,                 1.1167,                0.53609,                0.54946,                0.49582,                0.33533,                 0.5376,                0.53998,                0.48579,                 0.2918,                 1.0713,                 1.9838,                 1.0534,                  1.084,               0.009406,               0.009406,               0.009406
                     92,                 1.1469,                 2.1517,                 1.1683,                 1.1174,                0.53789,                0.54913,                0.49607,                0.33555,                0.53848,                0.54033,                0.48602,                0.29194,                 1.0711,                 1.9834,                 1.0531,                 1.0838,              0.0093994,              0.0093994,              0.0093994
                     93,                 1.1441,                 2.1481,                 1.1703,                 1.1176,                0.53768,                0.55002,                0.49613,                0.33567,                0.53858,                0.54033,                0.48608,                0.29196,                 1.0709,                 1.9834,                 1.0527,                 1.0837,              0.0093928,              0.0093928,              0.0093928
                     94,                 1.1504,                 2.1563,                 1.1674,                 1.1184,                0.53774,                0.54999,                0.49622,                0.33583,                0.53975,                0.54038,                0.48628,                0.29195,                 1.0706,                 1.9829,                 1.0523,                 1.0836,              0.0093862,              0.0093862,              0.0093862
                     95,                  1.146,                 2.1477,                 1.1667,                 1.1167,                0.53777,                0.54997,                0.49638,                0.33599,                0.54025,                0.54017,                0.48631,                0.29196,                 1.0703,                 1.9827,                 1.0518,                 1.0833,              0.0093796,              0.0093796,              0.0093796
                     96,                 1.1489,                 2.1566,                 1.1737,                 1.1183,                  0.538,                0.55009,                0.49651,                 0.3362,                0.54057,                0.54088,                0.48672,                0.29212,                 1.0701,                 1.9822,                 1.0515,                 1.0832,               0.009373,               0.009373,               0.009373
                     97,                 1.1488,                 2.1558,                 1.1632,                 1.1175,                 0.5379,                0.55018,                0.49682,                0.33638,                0.54026,                0.54133,                0.48689,                0.29234,                 1.0701,                 1.9824,                 1.0512,                 1.0832,              0.0093664,              0.0093664,              0.0093664
                     98,                 1.1432,                  2.145,                 1.1614,                 1.1146,                0.53792,                 0.5498,                0.49702,                0.33661,                0.54031,                0.54076,                0.48713,                0.29257,                   1.07,                  1.982,                  1.051,                 1.0831,              0.0093598,              0.0093598,              0.0093598
                     99,                 1.1493,                 2.1516,                 1.1669,                 1.1172,                0.53662,                0.55094,                 0.4973,                0.33679,                0.54071,                0.54111,                0.48744,                0.29271,                 1.0701,                 1.9812,                 1.0507,                  1.083,              0.0093532,              0.0093532,              0.0093532
                    100,                  1.149,                 2.1536,                 1.1651,                 1.1179,                0.53602,                0.55172,                0.49733,                 0.3369,                0.54044,                0.54124,                0.48758,                0.29286,                 1.0698,                 1.9809,                 1.0506,                 1.0828,              0.0093466,              0.0093466,              0.0093466
                    101,                 1.1464,                 2.1518,                 1.1672,                 1.1181,                0.53553,                0.55205,                0.49743,                0.33693,                0.53846,                 0.5428,                0.48772,                0.29295,                 1.0696,                 1.9806,                 1.0502,                 1.0827,                0.00934,                0.00934,                0.00934
                    102,                 1.1476,                 2.1504,                 1.1662,                 1.1166,                0.53618,                0.55222,                0.49764,                0.33715,                0.53839,                0.54442,                0.48808,                0.29314,                 1.0695,                 1.9802,                 1.0497,                 1.0825,              0.0093334,              0.0093334,              0.0093334
                    103,                 1.1449,                 2.1448,                 1.1681,                 1.1163,                0.53752,                0.55152,                0.49793,                0.33731,                 0.5388,                0.54397,                0.48826,                0.29332,                 1.0693,                 1.9802,                 1.0495,                 1.0825,              0.0093268,              0.0093268,              0.0093268
                    104,                 1.1487,                 2.1605,                 1.1669,                 1.1173,                0.53582,                 0.5526,                0.49816,                0.33756,                0.53861,                  0.544,                0.48837,                0.29334,                 1.0694,                 1.9798,                 1.0491,                 1.0825,              0.0093202,              0.0093202,              0.0093202
                    105,                 1.1502,                 2.1556,                 1.1672,                 1.1179,                 0.5365,                0.55325,                0.49856,                0.33787,                0.53849,                0.54381,                0.48834,                0.29341,                 1.0692,                 1.9795,                 1.0487,                 1.0824,              0.0093136,              0.0093136,              0.0093136
                    106,                 1.1464,                 2.1493,                 1.1678,                 1.1172,                0.53657,                0.55343,                0.49873,                0.33804,                0.54069,                 0.5434,                 0.4886,                0.29359,                  1.069,                 1.9789,                 1.0483,                 1.0822,               0.009307,               0.009307,               0.009307
                    107,                 1.1468,                 2.1514,                 1.1678,                 1.1176,                0.53609,                0.55339,                 0.4986,                0.33799,                0.54062,                0.54325,                0.48872,                0.29342,                 1.0691,                 1.9786,                 1.0479,                 1.0821,              0.0093004,              0.0093004,              0.0093004
                    108,                 1.1467,                 2.1509,                 1.1669,                 1.1168,                0.53732,                0.55244,                 0.4987,                0.33806,                0.54148,                0.54434,                0.48906,                 0.2935,                 1.0689,                 1.9782,                 1.0476,                  1.082,              0.0092938,              0.0092938,              0.0092938
                    109,                 1.1463,                  2.149,                 1.1659,                  1.117,                 0.5378,                0.55232,                 0.4989,                0.33823,                 0.5402,                0.54559,                0.48927,                0.29359,                 1.0686,                 1.9778,                 1.0472,                 1.0819,              0.0092872,              0.0092872,              0.0092872
                    110,                 1.1484,                 2.1523,                 1.1619,                 1.1155,                0.53818,                0.55281,                 0.4991,                0.33825,                 0.5398,                0.54567,                 0.4894,                0.29364,                 1.0685,                 1.9775,                 1.0468,                 1.0817,              0.0092806,              0.0092806,              0.0092806
                    111,                 1.1449,                 2.1468,                  1.163,                 1.1159,                0.53784,                0.55317,                0.49899,                0.33842,                0.54031,                0.54475,                0.48926,                0.29385,                 1.0683,                 1.9772,                 1.0465,                 1.0816,               0.009274,               0.009274,               0.009274
                    112,                 1.1471,                 2.1516,                 1.1619,                 1.1143,                0.53693,                0.55396,                0.49918,                0.33884,                0.54034,                0.54575,                0.48932,                0.29407,                 1.0682,                 1.9766,                 1.0461,                 1.0815,              0.0092674,              0.0092674,              0.0092674
                    113,                 1.1498,                 2.1522,                 1.1668,                 1.1162,                0.53711,                0.55503,                0.49917,                 0.3388,                0.54088,                0.54467,                0.48941,                0.29405,                  1.068,                 1.9765,                 1.0457,                 1.0814,              0.0092608,              0.0092608,              0.0092608
                    114,                 1.1434,                 2.1438,                 1.1626,                 1.1156,                0.53643,                0.55551,                0.49964,                0.33896,                0.54049,                0.54509,                0.48966,                0.29431,                 1.0679,                 1.9762,                 1.0455,                 1.0813,              0.0092542,              0.0092542,              0.0092542
                    115,                 1.1472,                 2.1466,                  1.164,                 1.1173,                0.53681,                0.55524,                0.49954,                0.33876,                0.53856,                0.54664,                0.48953,                0.29395,                 1.0679,                 1.9763,                 1.0452,                 1.0813,              0.0092476,              0.0092476,              0.0092476
                    116,                 1.1469,                 2.1506,                 1.1619,                 1.1163,                0.53799,                0.55461,                0.49955,                 0.3389,                 0.5406,                0.54553,                 0.4895,                0.29423,                 1.0679,                 1.9761,                  1.045,                 1.0811,               0.009241,               0.009241,               0.009241
                    117,                 1.1449,                 2.1464,                 1.1627,                 1.1161,                0.53655,                0.55593,                0.49981,                0.33906,                0.53983,                0.54504,                0.48952,                0.29433,                 1.0679,                  1.976,                 1.0448,                 1.0811,              0.0092344,              0.0092344,              0.0092344
                    118,                  1.147,                 2.1488,                 1.1656,                 1.1165,                  0.536,                0.55573,                0.50003,                0.33927,                0.53938,                0.54536,                0.49005,                 0.2944,                 1.0678,                 1.9755,                 1.0445,                 1.0809,              0.0092278,              0.0092278,              0.0092278
                    119,                 1.1407,                 2.1372,                 1.1581,                 1.1136,                0.53718,                0.55533,                 0.4999,                0.33928,                0.53891,                0.54575,                0.49002,                0.29446,                 1.0678,                 1.9753,                 1.0442,                 1.0809,              0.0092212,              0.0092212,              0.0092212
                    120,                 1.1448,                 2.1466,                 1.1593,                 1.1147,                0.53864,                0.55463,                0.50008,                0.33932,                0.54153,                 0.5441,                0.49027,                0.29449,                 1.0676,                  1.975,                  1.044,                 1.0808,              0.0092146,              0.0092146,              0.0092146
                    121,                 1.1433,                 2.1445,                 1.1615,                 1.1146,                0.53848,                0.55494,                0.50021,                0.33932,                0.54149,                0.54409,                0.49039,                0.29452,                 1.0675,                 1.9747,                 1.0436,                 1.0807,               0.009208,               0.009208,               0.009208
                    122,                  1.142,                 2.1396,                 1.1584,                 1.1149,                0.53915,                0.55494,                0.50039,                0.33951,                0.54068,                0.54502,                0.49055,                0.29457,                 1.0673,                 1.9744,                 1.0434,                 1.0806,              0.0092014,              0.0092014,              0.0092014
                    123,                 1.1431,                 2.1414,                 1.1596,                 1.1154,                0.53893,                0.55455,                0.50081,                0.33975,                0.53941,                0.54616,                 0.4908,                0.29476,                 1.0673,                 1.9741,                  1.043,                 1.0805,              0.0091948,              0.0091948,              0.0091948
                    124,                 1.1463,                 2.1456,                 1.1606,                 1.1157,                0.53814,                0.55504,                0.50104,                0.33987,                0.53856,                0.54635,                0.49095,                0.29483,                 1.0673,                  1.974,                 1.0429,                 1.0805,              0.0091882,              0.0091882,              0.0091882
                    125,                 1.1429,                 2.1402,                 1.1592,                 1.1133,                0.54099,                0.55431,                0.50128,                0.34014,                0.54065,                 0.5458,                0.49109,                0.29516,                 1.0672,                 1.9739,                 1.0426,                 1.0804,              0.0091816,              0.0091816,              0.0091816
                    126,                 1.1449,                 2.1465,                 1.1591,                 1.1145,                0.54095,                0.55442,                0.50128,                0.34001,                0.54349,                0.54366,                0.49126,                0.29508,                  1.067,                 1.9739,                 1.0423,                 1.0803,               0.009175,               0.009175,               0.009175
                    127,                 1.1422,                 2.1453,                 1.1626,                 1.1153,                0.53981,                0.55489,                0.50137,                0.34005,                 0.5406,                0.54498,                0.49117,                0.29508,                 1.0669,                 1.9738,                 1.0421,                 1.0802,              0.0091684,              0.0091684,              0.0091684
                    128,                 1.1445,                 2.1472,                 1.1614,                 1.1163,                0.53988,                0.55472,                0.50144,                0.34015,                0.54076,                 0.5447,                 0.4912,                0.29525,                 1.0669,                 1.9734,                 1.0417,                 1.0801,              0.0091618,              0.0091618,              0.0091618
                    129,                 1.1476,                 2.1498,                 1.1619,                 1.1155,                0.54051,                0.55493,                0.50167,                0.34032,                 0.5387,                 0.5467,                0.49136,                0.29539,                 1.0668,                  1.973,                 1.0415,                   1.08,              0.0091552,              0.0091552,              0.0091552
                    130,                 1.1436,                 2.1456,                 1.1604,                 1.1145,                0.54169,                0.55411,                0.50171,                0.34042,                0.53934,                0.54548,                 0.4914,                0.29548,                 1.0666,                  1.973,                 1.0411,                 1.0799,              0.0091486,              0.0091486,              0.0091486
                    131,                 1.1444,                 2.1453,                 1.1622,                 1.1142,                0.54145,                0.55397,                0.50158,                 0.3404,                0.54107,                0.54474,                0.49153,                0.29529,                 1.0664,                 1.9725,                 1.0411,                 1.0797,               0.009142,               0.009142,               0.009142
                    132,                 1.1478,                 2.1476,                 1.1612,                  1.116,                0.54204,                0.55336,                0.50164,                0.34045,                0.54026,                0.54588,                 0.4919,                0.29546,                 1.0664,                 1.9725,                  1.041,                 1.0796,              0.0091354,              0.0091354,              0.0091354
                    133,                 1.1403,                 2.1336,                 1.1581,                 1.1137,                0.54202,                0.55343,                 0.5018,                0.34045,                0.54033,                0.54624,                0.49205,                0.29553,                 1.0663,                 1.9721,                 1.0408,                 1.0796,              0.0091288,              0.0091288,              0.0091288
                    134,                 1.1482,                 2.1525,                 1.1632,                 1.1162,                0.54113,                0.55477,                0.50191,                0.34058,                 0.5416,                0.54535,                0.49197,                 0.2955,                 1.0663,                 1.9719,                 1.0407,                 1.0795,              0.0091222,              0.0091222,              0.0091222
                    135,                 1.1409,                  2.137,                 1.1546,                 1.1118,                0.54183,                0.55369,                0.50198,                0.34086,                0.54088,                0.54613,                0.49203,                0.29578,                 1.0659,                 1.9715,                 1.0404,                 1.0793,              0.0091156,              0.0091156,              0.0091156
                    136,                 1.1442,                 2.1429,                 1.1566,                 1.1126,                0.54034,                0.55474,                0.50207,                0.34099,                0.54186,                0.54578,                0.49224,                0.29601,                 1.0657,                 1.9713,                 1.0401,                 1.0792,               0.009109,               0.009109,               0.009109
                    137,                 1.1447,                 2.1435,                 1.1583,                  1.114,                0.54098,                0.55356,                0.50215,                0.34112,                 0.5409,                0.54643,                0.49242,                0.29605,                 1.0656,                 1.9712,                 1.0399,                  1.079,              0.0091024,              0.0091024,              0.0091024
                    138,                 1.1467,                 2.1464,                 1.1557,                 1.1128,                0.54126,                0.55366,                0.50222,                0.34121,                0.54048,                0.54635,                0.49255,                 0.2961,                 1.0654,                  1.971,                 1.0397,                  1.079,              0.0090958,              0.0090958,              0.0090958
                    139,                 1.1417,                 2.1404,                 1.1578,                 1.1149,                0.53948,                0.55469,                0.50227,                0.34133,                0.54046,                0.54695,                0.49241,                0.29617,                 1.0652,                 1.9709,                 1.0396,                 1.0789,              0.0090892,              0.0090892,              0.0090892
                    140,                 1.1419,                 2.1409,                 1.1566,                 1.1132,                0.53957,                0.55488,                0.50252,                0.34138,                0.54104,                 0.5466,                0.49256,                0.29636,                 1.0651,                 1.9705,                 1.0393,                 1.0788,              0.0090826,              0.0090826,              0.0090826
                    141,                 1.1429,                 2.1416,                 1.1574,                 1.1125,                0.54055,                 0.5539,                0.50241,                0.34144,                0.54081,                0.54557,                 0.4923,                0.29637,                  1.065,                 1.9704,                 1.0391,                 1.0787,               0.009076,               0.009076,               0.009076
                    142,                 1.1448,                 2.1454,                 1.1557,                 1.1126,                0.54057,                0.55393,                0.50253,                0.34156,                0.53977,                0.54675,                 0.4923,                0.29646,                 1.0648,                   1.97,                 1.0388,                 1.0786,              0.0090694,              0.0090694,              0.0090694
                    143,                 1.1415,                 2.1404,                 1.1539,                 1.1118,                0.54252,                0.55323,                0.50265,                0.34154,                0.54142,                0.54585,                0.49267,                0.29658,                 1.0647,                   1.97,                 1.0386,                 1.0785,              0.0090628,              0.0090628,              0.0090628
                    144,                 1.1427,                 2.1453,                 1.1549,                 1.1132,                0.54292,                0.55252,                0.50297,                0.34174,                0.54284,                0.54524,                0.49306,                 0.2967,                 1.0646,                 1.9697,                 1.0383,                 1.0785,              0.0090562,              0.0090562,              0.0090562
                    145,                 1.1431,                 2.1365,                 1.1551,                 1.1142,                0.54266,                0.55265,                0.50313,                0.34178,                0.54304,                 0.5453,                0.49306,                0.29686,                 1.0646,                 1.9694,                 1.0381,                 1.0785,              0.0090496,              0.0090496,              0.0090496
                    146,                 1.1404,                  2.137,                 1.1546,                 1.1124,                0.54257,                0.55359,                0.50308,                0.34185,                 0.5438,                0.54482,                0.49309,                0.29675,                 1.0644,                  1.969,                 1.0381,                 1.0783,               0.009043,               0.009043,               0.009043
                    147,                 1.1415,                 2.1332,                 1.1569,                 1.1129,                0.54258,                0.55383,                0.50325,                0.34195,                0.54318,                0.54494,                0.49327,                0.29672,                 1.0643,                 1.9688,                 1.0379,                 1.0783,              0.0090364,              0.0090364,              0.0090364
                    148,                 1.1408,                 2.1351,                 1.1551,                 1.1133,                0.54241,                0.55411,                0.50322,                0.34196,                0.54266,                0.54511,                0.49334,                0.29685,                 1.0641,                 1.9685,                 1.0377,                 1.0781,              0.0090298,              0.0090298,              0.0090298
                    149,                 1.1451,                 2.1428,                 1.1577,                 1.1146,                0.54129,                0.55473,                0.50334,                0.34213,                0.54186,                0.54556,                0.49339,                0.29699,                 1.0639,                 1.9681,                 1.0374,                  1.078,              0.0090232,              0.0090232,              0.0090232
                    150,                   1.14,                 2.1346,                 1.1523,                 1.1121,                0.54087,                0.55463,                0.50334,                 0.3422,                0.54016,                0.54736,                0.49341,                0.29677,                 1.0639,                  1.968,                 1.0371,                 1.0779,              0.0090166,              0.0090166,              0.0090166
                    151,                 1.1381,                 2.1378,                 1.1526,                 1.1113,                0.54042,                0.55573,                0.50328,                0.34212,                0.54117,                0.54751,                0.49353,                0.29685,                 1.0639,                 1.9678,                  1.037,                 1.0778,                0.00901,                0.00901,                0.00901
                    152,                 1.1428,                 2.1398,                  1.154,                 1.1127,                0.54202,                0.55513,                0.50334,                 0.3422,                0.54143,                0.54771,                0.49352,                0.29674,                 1.0639,                 1.9675,                 1.0367,                 1.0778,              0.0090034,              0.0090034,              0.0090034
                    153,                 1.1376,                 2.1343,                  1.151,                 1.1125,                0.54268,                0.55558,                0.50346,                0.34223,                0.54283,                0.54693,                0.49363,                0.29682,                 1.0639,                 1.9673,                 1.0364,                 1.0778,              0.0089968,              0.0089968,              0.0089968
                    154,                 1.1428,                 2.1408,                 1.1538,                 1.1115,                 0.5424,                0.55583,                0.50366,                0.34246,                0.54262,                 0.5472,                0.49385,                 0.2971,                  1.064,                  1.967,                 1.0363,                 1.0777,              0.0089902,              0.0089902,              0.0089902
                    155,                 1.1424,                  2.142,                 1.1562,                 1.1115,                0.54144,                0.55624,                0.50379,                0.34236,                0.54189,                 0.5475,                0.49393,                0.29708,                 1.0639,                 1.9664,                 1.0362,                 1.0777,              0.0089836,              0.0089836,              0.0089836
                    156,                 1.1438,                 2.1431,                 1.1538,                 1.1119,                 0.5415,                0.55611,                0.50373,                0.34244,                0.54185,                0.54794,                0.49379,                0.29723,                 1.0636,                 1.9662,                  1.036,                 1.0776,               0.008977,               0.008977,               0.008977
                    157,                 1.1409,                  2.134,                 1.1554,                 1.1143,                0.54105,                0.55664,                0.50387,                0.34254,                0.54118,                0.54788,                0.49383,                0.29739,                 1.0635,                 1.9659,                 1.0357,                 1.0775,              0.0089704,              0.0089704,              0.0089704
                    158,                  1.142,                 2.1393,                 1.1525,                 1.1105,                0.54085,                0.55687,                 0.5041,                0.34265,                0.53987,                0.54806,                0.49387,                0.29735,                 1.0634,                 1.9661,                 1.0356,                 1.0774,              0.0089638,              0.0089638,              0.0089638
                    159,                   1.14,                 2.1366,                 1.1519,                 1.1126,                0.54047,                0.55717,                0.50414,                0.34282,                0.53992,                 0.5487,                  0.494,                0.29747,                 1.0632,                 1.9662,                 1.0353,                 1.0773,              0.0089572,              0.0089572,              0.0089572
                    160,                 1.1435,                 2.1397,                 1.1519,                 1.1128,                0.54101,                0.55655,                0.50434,                0.34282,                0.54224,                0.54711,                0.49417,                0.29754,                 1.0632,                 1.9662,                 1.0351,                 1.0773,              0.0089506,              0.0089506,              0.0089506
                    161,                  1.141,                 2.1395,                 1.1524,                 1.1119,                0.54061,                0.55658,                0.50425,                0.34274,                0.54282,                0.54707,                0.49407,                 0.2974,                 1.0632,                 1.9657,                 1.0349,                 1.0773,               0.008944,               0.008944,               0.008944
                    162,                 1.1428,                  2.139,                 1.1568,                 1.1127,                0.53969,                0.55769,                0.50428,                0.34281,                0.54322,                0.54736,                0.49425,                0.29758,                 1.0631,                 1.9653,                 1.0349,                 1.0773,              0.0089374,              0.0089374,              0.0089374
                    163,                 1.1422,                 2.1406,                 1.1535,                 1.1115,                0.53999,                0.55804,                0.50456,                0.34297,                0.54312,                0.54776,                0.49438,                0.29777,                 1.0633,                 1.9653,                 1.0346,                 1.0773,              0.0089308,              0.0089308,              0.0089308
                    164,                  1.142,                   2.14,                 1.1541,                 1.1123,                0.54217,                0.55633,                0.50469,                0.34295,                 0.5428,                0.54767,                0.49438,                0.29772,                 1.0631,                 1.9652,                 1.0345,                 1.0772,              0.0089242,              0.0089242,              0.0089242
                    165,                 1.1411,                 2.1355,                 1.1519,                 1.1132,                0.54197,                0.55634,                0.50475,                 0.3431,                 0.5442,                0.54683,                0.49486,                0.29785,                  1.063,                 1.9649,                 1.0343,                 1.0771,              0.0089176,              0.0089176,              0.0089176
                    166,                 1.1406,                 2.1377,                 1.1522,                 1.1115,                0.54176,                0.55664,                0.50474,                0.34314,                0.54232,                0.54799,                0.49491,                0.29784,                 1.0628,                 1.9646,                 1.0341,                 1.0771,               0.008911,               0.008911,               0.008911
                    167,                 1.1434,                 2.1394,                  1.158,                  1.114,                0.54328,                0.55569,                0.50495,                0.34336,                0.54232,                0.54792,                  0.495,                0.29799,                 1.0628,                 1.9643,                 1.0341,                  1.077,              0.0089044,              0.0089044,              0.0089044
                    168,                 1.1389,                 2.1324,                 1.1509,                  1.112,                0.54292,                0.55593,                0.50512,                 0.3434,                0.54141,                0.54848,                0.49473,                0.29796,                 1.0628,                 1.9644,                 1.0338,                  1.077,              0.0088978,              0.0088978,              0.0088978
                    169,                 1.1357,                 2.1258,                 1.1478,                  1.111,                0.54267,                0.55619,                0.50504,                0.34347,                0.54043,                0.54954,                0.49483,                0.29796,                 1.0627,                 1.9643,                 1.0336,                 1.0769,              0.0088912,              0.0088912,              0.0088912
                    170,                 1.1425,                 2.1438,                 1.1546,                 1.1124,                0.54226,                0.55801,                 0.5052,                0.34343,                0.54268,                0.54806,                0.49484,                0.29794,                 1.0627,                 1.9641,                 1.0334,                 1.0769,              0.0088846,              0.0088846,              0.0088846
                    171,                 1.1413,                 2.1408,                 1.1522,                  1.113,                0.54309,                0.55808,                0.50537,                0.34364,                0.54281,                0.54859,                0.49476,                  0.298,                 1.0627,                 1.9639,                 1.0333,                 1.0769,               0.008878,               0.008878,               0.008878
                    172,                  1.137,                 2.1318,                 1.1476,                 1.1098,                0.54457,                0.55786,                0.50544,                0.34368,                0.54307,                0.54927,                0.49506,                 0.2981,                 1.0628,                 1.9639,                 1.0332,                  1.077,              0.0088714,              0.0088714,              0.0088714
                    173,                 1.1374,                 2.1263,                 1.1451,                 1.1097,                0.54313,                0.55896,                0.50557,                0.34366,                0.54386,                0.54809,                0.49492,                0.29804,                 1.0627,                 1.9636,                 1.0329,                 1.0769,              0.0088648,              0.0088648,              0.0088648
                    174,                 1.1404,                 2.1352,                 1.1497,                 1.1115,                 0.5442,                 0.5581,                 0.5059,                0.34379,                0.54252,                0.54921,                0.49528,                0.29811,                 1.0626,                 1.9631,                 1.0327,                 1.0769,              0.0088582,              0.0088582,              0.0088582
                    175,                  1.141,                 2.1368,                  1.153,                 1.1116,                0.54313,                0.55887,                0.50596,                0.34395,                0.54275,                0.54848,                0.49523,                0.29827,                 1.0625,                 1.9629,                 1.0326,                 1.0769,              0.0088516,              0.0088516,              0.0088516
                    176,                 1.1441,                 2.1439,                 1.1543,                  1.111,                0.54508,                0.55749,                0.50622,                0.34402,                0.54439,                0.54796,                0.49527,                0.29836,                 1.0624,                 1.9626,                 1.0323,                 1.0769,               0.008845,               0.008845,               0.008845
                    177,                 1.1383,                 2.1334,                 1.1477,                 1.1108,                 0.5443,                0.55749,                0.50639,                0.34409,                0.54468,                0.54847,                0.49556,                0.29855,                 1.0625,                 1.9626,                 1.0321,                  1.077,              0.0088384,              0.0088384,              0.0088384
                    178,                 1.1397,                 2.1336,                 1.1492,                 1.1103,                0.54377,                0.55817,                0.50655,                0.34432,                0.54573,                0.54707,                0.49561,                0.29881,                 1.0624,                 1.9623,                 1.0318,                 1.0769,              0.0088318,              0.0088318,              0.0088318
                    179,                 1.1424,                 2.1344,                 1.1506,                 1.1107,                0.54474,                0.55862,                0.50662,                 0.3444,                0.54412,                0.54809,                0.49531,                0.29863,                 1.0624,                 1.9621,                 1.0316,                 1.0768,              0.0088252,              0.0088252,              0.0088252
                    180,                 1.1398,                 2.1323,                  1.149,                  1.111,                0.54529,                0.55906,                0.50665,                0.34435,                0.54413,                0.54844,                0.49557,                0.29875,                 1.0624,                 1.9616,                 1.0314,                 1.0768,              0.0088186,              0.0088186,              0.0088186
                    181,                 1.1413,                 2.1363,                 1.1502,                 1.1115,                0.54536,                0.55918,                0.50676,                0.34437,                0.54559,                0.54954,                 0.4959,                0.29887,                 1.0623,                 1.9615,                 1.0312,                 1.0768,               0.008812,               0.008812,               0.008812
                    182,                 1.1373,                  2.128,                 1.1496,                 1.1118,                0.54353,                0.56046,                0.50679,                0.34439,                0.54509,                0.54955,                 0.4959,                0.29884,                 1.0623,                 1.9614,                 1.0311,                 1.0768,              0.0088054,              0.0088054,              0.0088054
                    183,                  1.139,                 2.1292,                 1.1464,                   1.11,                0.54478,                0.55918,                0.50715,                0.34466,                0.54616,                  0.549,                0.49644,                0.29916,                 1.0622,                 1.9611,                 1.0308,                 1.0768,              0.0087988,              0.0087988,              0.0087988
                    184,                 1.1408,                 2.1306,                 1.1473,                   1.11,                0.54504,                0.55895,                0.50723,                0.34474,                0.54655,                0.54877,                0.49638,                0.29907,                 1.0622,                 1.9609,                 1.0305,                 1.0768,              0.0087922,              0.0087922,              0.0087922
                    185,                 1.1422,                 2.1381,                 1.1507,                 1.1131,                0.54561,                0.55884,                0.50716,                0.34478,                0.54651,                0.54846,                0.49649,                0.29894,                 1.0622,                  1.961,                 1.0306,                 1.0768,              0.0087856,              0.0087856,              0.0087856
                    186,                 1.1427,                 2.1368,                 1.1493,                 1.1107,                0.54503,                0.55986,                0.50732,                0.34488,                0.54595,                0.54864,                0.49659,                0.29904,                 1.0622,                 1.9608,                 1.0303,                 1.0767,               0.008779,               0.008779,               0.008779
                    187,                 1.1402,                 2.1364,                 1.1536,                  1.112,                0.54413,                0.56047,                0.50743,                0.34493,                0.54679,                0.54839,                 0.4967,                 0.2992,                 1.0622,                 1.9607,                 1.0302,                 1.0767,              0.0087724,              0.0087724,              0.0087724
                    188,                 1.1396,                 2.1335,                 1.1481,                 1.1092,                0.54394,                0.56082,                0.50762,                0.34497,                0.54487,                0.54958,                0.49672,                0.29924,                 1.0621,                 1.9605,                   1.03,                 1.0766,              0.0087658,              0.0087658,              0.0087658
                    189,                 1.1413,                 2.1332,                  1.149,                 1.1099,                0.54369,                0.56093,                0.50757,                0.34506,                0.54526,                0.54918,                0.49682,                0.29927,                 1.0621,                 1.9603,                 1.0298,                 1.0765,              0.0087592,              0.0087592,              0.0087592
                    190,                 1.1364,                 2.1309,                 1.1443,                 1.1106,                0.54462,                0.55963,                0.50762,                0.34514,                0.54484,                0.55027,                0.49681,                0.29936,                  1.062,                 1.9604,                 1.0298,                 1.0765,              0.0087526,              0.0087526,              0.0087526
                    191,                 1.1398,                 2.1328,                 1.1467,                 1.1113,                0.54431,                0.56013,                0.50766,                0.34526,                0.54284,                 0.5516,                 0.4969,                0.29938,                 1.0618,                 1.9602,                 1.0296,                 1.0764,               0.008746,               0.008746,               0.008746
                    192,                 1.1381,                 2.1302,                 1.1483,                 1.1102,                0.54403,                   0.56,                0.50786,                0.34554,                0.54495,                0.54963,                0.49713,                 0.2995,                 1.0617,                   1.96,                 1.0295,                 1.0763,              0.0087394,              0.0087394,              0.0087394
                    193,                 1.1344,                 2.1237,                 1.1438,                 1.1091,                0.54397,                 0.5603,                0.50803,                0.34552,                0.54456,                0.54965,                0.49711,                0.29949,                 1.0616,                   1.96,                 1.0293,                 1.0763,              0.0087328,              0.0087328,              0.0087328
                    194,                 1.1383,                  2.129,                 1.1462,                 1.1105,                0.54357,                 0.5602,                0.50825,                0.34571,                0.54689,                0.54894,                0.49746,                0.29951,                 1.0616,                 1.9599,                 1.0292,                 1.0763,              0.0087262,              0.0087262,              0.0087262
                    195,                 1.1361,                 2.1281,                 1.1444,                   1.11,                0.54218,                0.56163,                0.50843,                0.34571,                0.54518,                0.55056,                0.49753,                0.29948,                 1.0616,                 1.9598,                  1.029,                 1.0762,              0.0087196,              0.0087196,              0.0087196
                    196,                 1.1368,                 2.1253,                 1.1483,                 1.1099,                0.54345,                0.56087,                0.50852,                0.34576,                0.54476,                0.55125,                0.49761,                0.29948,                 1.0617,                 1.9598,                 1.0288,                 1.0763,               0.008713,               0.008713,               0.008713
                    197,                 1.1394,                 2.1313,                 1.1433,                 1.1093,                0.54483,                0.55964,                 0.5086,                0.34586,                0.54428,                0.55088,                 0.4978,                0.29968,                 1.0615,                 1.9595,                 1.0286,                 1.0762,              0.0087064,              0.0087064,              0.0087064
                    198,                 1.1351,                 2.1254,                 1.1436,                 1.1106,                0.54493,                0.55976,                0.50874,                0.34602,                0.54576,                0.54924,                0.49799,                 0.2998,                 1.0613,                 1.9592,                 1.0284,                 1.0762,              0.0086998,              0.0086998,              0.0086998
                    199,                 1.1353,                 2.1221,                 1.1439,                 1.1096,                0.54492,                0.55953,                 0.5087,                0.34606,                0.54483,                0.54897,                0.49825,                0.29992,                 1.0613,                 1.9587,                 1.0281,                 1.0762,              0.0086932,              0.0086932,              0.0086932
                    200,                 1.1381,                 2.1305,                 1.1472,                 1.1091,                 0.5439,                 0.5611,                0.50884,                0.34614,                0.54363,                0.55024,                 0.4983,                 0.2999,                 1.0613,                 1.9586,                 1.0281,                 1.0761,              0.0086866,              0.0086866,              0.0086866
                    201,                 1.1413,                 2.1361,                 1.1492,                 1.1104,                0.54306,                 0.5609,                0.50871,                0.34613,                0.54328,                0.55073,                0.49837,                0.29995,                 1.0613,                 1.9585,                  1.028,                 1.0761,                0.00868,                0.00868,                0.00868
                    202,                 1.1388,                 2.1294,                 1.1476,                 1.1109,                0.54342,                0.56168,                0.50881,                0.34619,                0.54306,                0.55117,                0.49844,                0.29996,                 1.0611,                 1.9587,                 1.0279,                 1.0761,              0.0086734,              0.0086734,              0.0086734
                    203,                 1.1381,                 2.1328,                 1.1476,                 1.1113,                0.54235,                0.56158,                0.50859,                0.34597,                0.54323,                 0.5513,                0.49813,                0.29957,                 1.0611,                 1.9588,                 1.0277,                 1.0761,              0.0086668,              0.0086668,              0.0086668
                    204,                 1.1382,                 2.1282,                 1.1446,                 1.1102,                0.54317,                0.56212,                0.50908,                 0.3461,                0.54284,                0.55241,                0.49847,                0.29979,                 1.0611,                 1.9586,                 1.0277,                  1.076,              0.0086602,              0.0086602,              0.0086602
                    205,                 1.1355,                 2.1221,                 1.1434,                 1.1103,                0.54277,                0.56244,                0.50912,                0.34619,                0.54109,                0.55358,                0.49834,                0.29991,                 1.0612,                 1.9584,                 1.0276,                  1.076,              0.0086536,              0.0086536,              0.0086536
                    206,                 1.1412,                  2.134,                 1.1494,                 1.1124,                0.54225,                0.56331,                0.50922,                0.34617,                0.54216,                0.55365,                0.49841,                0.29991,                 1.0611,                 1.9582,                 1.0275,                  1.076,               0.008647,               0.008647,               0.008647
                    207,                 1.1407,                  2.134,                 1.1447,                 1.1103,                0.54089,                 0.5642,                 0.5092,                0.34625,                0.54145,                0.55332,                0.49856,                0.29998,                 1.0612,                 1.9582,                 1.0274,                 1.0759,              0.0086404,              0.0086404,              0.0086404
                    208,                 1.1379,                 2.1294,                 1.1471,                  1.111,                0.54115,                 0.5644,                0.50917,                0.34599,                0.54178,                0.55379,                0.49822,                 0.2997,                 1.0612,                 1.9582,                 1.0274,                  1.076,              0.0086338,              0.0086338,              0.0086338
                    209,                 1.1418,                   2.14,                 1.1502,                 1.1109,                 0.5421,                0.56469,                 0.5093,                0.34618,                0.54241,                0.55388,                0.49825,                0.29983,                 1.0612,                 1.9581,                 1.0272,                  1.076,              0.0086272,              0.0086272,              0.0086272
                    210,                 1.1436,                 2.1385,                 1.1492,                 1.1111,                0.54072,                0.56603,                0.50928,                0.34608,                0.54369,                0.55248,                0.49843,                0.29985,                 1.0611,                 1.9582,                 1.0271,                  1.076,              0.0086206,              0.0086206,              0.0086206
                    211,                 1.1349,                 2.1226,                  1.141,                 1.1089,                0.54345,                0.56352,                0.50935,                0.34627,                0.54347,                0.55396,                0.49871,                0.29996,                 1.0609,                 1.9577,                 1.0271,                 1.0759,               0.008614,               0.008614,               0.008614
                    212,                 1.1369,                 2.1228,                 1.1446,                 1.1086,                0.54292,                0.56442,                 0.5095,                0.34634,                0.54405,                0.55381,                0.49882,                0.30007,                 1.0608,                  1.958,                 1.0269,                 1.0758,              0.0086074,              0.0086074,              0.0086074
                    213,                 1.1388,                 2.1304,                 1.1463,                 1.1103,                0.54272,                 0.5639,                0.50948,                0.34651,                0.54325,                0.55346,                0.49899,                 0.3002,                 1.0607,                 1.9577,                 1.0268,                 1.0758,              0.0086008,              0.0086008,              0.0086008
                    214,                 1.1357,                 2.1225,                 1.1421,                 1.1089,                0.54249,                0.56547,                0.50932,                0.34631,                0.54318,                0.55336,                0.49893,                0.30016,                 1.0605,                 1.9578,                 1.0266,                 1.0756,              0.0085942,              0.0085942,              0.0085942
                    215,                 1.1365,                 2.1236,                 1.1444,                 1.1115,                0.54172,                0.56483,                0.50943,                0.34663,                0.54187,                0.55572,                0.49912,                0.30026,                 1.0604,                 1.9575,                 1.0264,                 1.0755,              0.0085876,              0.0085876,              0.0085876
                    216,                  1.139,                 2.1286,                 1.1468,                  1.111,                0.54169,                 0.5651,                0.50956,                0.34673,                0.54196,                0.55451,                0.49905,                0.30035,                 1.0605,                 1.9574,                 1.0263,                 1.0755,               0.008581,               0.008581,               0.008581
                    217,                 1.1378,                   2.13,                 1.1455,                 1.1107,                0.54184,                0.56554,                0.50977,                0.34693,                0.54189,                0.55464,                0.49896,                0.30035,                 1.0604,                 1.9574,                 1.0262,                 1.0755,              0.0085744,              0.0085744,              0.0085744
                    218,                 1.1372,                 2.1278,                 1.1456,                 1.1102,                0.54176,                0.56598,                0.50983,                0.34707,                0.54296,                0.55409,                0.49943,                0.30049,                 1.0602,                 1.9573,                  1.026,                 1.0756,              0.0085678,              0.0085678,              0.0085678
                    219,                 1.1332,                 2.1168,                 1.1382,                 1.1063,                0.54089,                0.56559,                 0.5098,                0.34714,                0.54245,                0.55423,                0.49928,                0.30046,                 1.0603,                 1.9574,                 1.0259,                 1.0756,              0.0085612,              0.0085612,              0.0085612
                    220,                 1.1391,                 2.1303,                 1.1424,                 1.1087,                0.54209,                0.56466,                0.51005,                0.34725,                0.54278,                 0.5545,                0.49951,                0.30064,                 1.0603,                  1.957,                 1.0259,                 1.0755,              0.0085546,              0.0085546,              0.0085546
                    221,                 1.1364,                 2.1237,                  1.141,                 1.1078,                0.54197,                0.56474,                 0.5099,                0.34725,                0.54195,                 0.5548,                0.49937,                0.30072,                 1.0603,                 1.9568,                 1.0256,                 1.0756,               0.008548,               0.008548,               0.008548
                    222,                 1.1376,                  2.122,                 1.1413,                 1.1094,                0.54227,                0.56468,                0.50997,                0.34738,                0.54163,                0.55454,                0.49958,                0.30081,                 1.0603,                 1.9571,                 1.0255,                 1.0755,              0.0085414,              0.0085414,              0.0085414
                    223,                  1.136,                 2.1225,                  1.142,                 1.1094,                0.54054,                0.56634,                0.50992,                0.34724,                0.54123,                0.55428,                0.49928,                0.30081,                 1.0603,                 1.9569,                 1.0253,                 1.0755,              0.0085348,              0.0085348,              0.0085348
                    224,                 1.1367,                 2.1315,                 1.1447,                 1.1088,                0.54087,                0.56523,                0.50989,                0.34716,                0.54234,                0.55339,                0.49909,                0.30087,                 1.0602,                 1.9568,                 1.0252,                 1.0754,              0.0085282,              0.0085282,              0.0085282
                    225,                 1.1363,                 2.1279,                 1.1422,                 1.1099,                 0.5418,                0.56462,                0.50972,                0.34701,                 0.5427,                0.55375,                0.49892,                0.30069,                 1.0601,                 1.9569,                 1.0252,                 1.0755,              0.0085216,              0.0085216,              0.0085216
                    226,                 1.1359,                 2.1305,                 1.1429,                 1.1093,                  0.542,                0.56478,                0.50978,                0.34697,                0.54161,                0.55495,                0.49889,                0.30078,                 1.0603,                 1.9566,                 1.0251,                 1.0755,               0.008515,               0.008515,               0.008515
                    227,                 1.1387,                 2.1327,                 1.1491,                 1.1105,                0.54287,                0.56323,                 0.5101,                0.34708,                0.54244,                0.55479,                0.49941,                0.30093,                 1.0602,                 1.9563,                  1.025,                 1.0756,              0.0085084,              0.0085084,              0.0085084
                    228,                 1.1364,                 2.1278,                 1.1405,                 1.1086,                 0.5424,                0.56357,                 0.5101,                0.34723,                0.54309,                0.55385,                0.49973,                0.30102,                 1.0602,                 1.9561,                 1.0248,                 1.0755,              0.0085018,              0.0085018,              0.0085018
                    229,                 1.1359,                 2.1259,                 1.1406,                 1.1093,                0.54309,                 0.5638,                0.51006,                0.34719,                 0.5443,                0.55295,                0.49943,                0.30086,                   1.06,                  1.956,                 1.0246,                 1.0755,              0.0084952,              0.0084952,              0.0084952
                    230,                 1.1365,                 2.1281,                 1.1441,                 1.1082,                0.54342,                0.56353,                0.51012,                0.34725,                0.54435,                 0.5528,                0.49939,                0.30089,                 1.0601,                 1.9561,                 1.0244,                 1.0756,              0.0084886,              0.0084886,              0.0084886
                    231,                 1.1349,                 2.1275,                 1.1433,                 1.1098,                0.54308,                0.56305,                0.51009,                 0.3472,                0.54492,                0.55215,                0.49946,                0.30099,                 1.0601,                 1.9561,                 1.0245,                 1.0756,               0.008482,               0.008482,               0.008482
                    232,                 1.1377,                 2.1286,                 1.1452,                 1.1096,                0.54491,                0.56077,                0.51029,                0.34734,                 0.5473,                0.55079,                0.49963,                0.30128,                   1.06,                 1.9562,                 1.0244,                 1.0755,              0.0084754,              0.0084754,              0.0084754
                    233,                 1.1324,                  2.117,                 1.1367,                 1.1079,                0.54435,                0.56196,                0.51042,                0.34745,                0.54579,                0.55157,                0.49968,                 0.3013,                   1.06,                 1.9559,                 1.0243,                 1.0753,              0.0084688,              0.0084688,              0.0084688
                    234,                 1.1371,                 2.1305,                  1.141,                 1.1085,                0.54558,                0.56104,                0.51047,                0.34757,                0.54445,                  0.553,                    0.5,                 0.3014,                 1.0598,                 1.9562,                 1.0243,                 1.0752,              0.0084622,              0.0084622,              0.0084622
                    235,                 1.1349,                 2.1244,                 1.1447,                 1.1071,                0.54557,                0.56089,                0.51038,                0.34763,                0.54493,                0.55292,                0.49998,                0.30149,                 1.0595,                 1.9557,                 1.0242,                  1.075,              0.0084556,              0.0084556,              0.0084556
                    236,                 1.1333,                 2.1215,                 1.1387,                 1.1089,                0.54378,                0.56329,                0.51039,                 0.3475,                0.54497,                0.55276,                0.50003,                0.30156,                 1.0595,                 1.9557,                 1.0242,                  1.075,               0.008449,               0.008449,               0.008449
                    237,                 1.1371,                 2.1282,                 1.1429,                 1.1095,                0.54465,                0.56278,                0.51036,                0.34749,                0.54464,                0.55368,                0.49996,                0.30145,                 1.0595,                 1.9556,                 1.0241,                  1.075,              0.0084424,              0.0084424,              0.0084424
                    238,                 1.1372,                 2.1222,                 1.1385,                 1.1088,                0.54344,                0.56402,                0.51042,                 0.3475,                0.54228,                0.55434,                 0.4996,                0.30149,                 1.0592,                 1.9552,                 1.0241,                 1.0749,              0.0084358,              0.0084358,              0.0084358
                    239,                 1.1329,                 2.1212,                 1.1387,                  1.108,                 0.5442,                0.56389,                0.51046,                0.34739,                0.54446,                0.55388,                0.49984,                0.30136,                 1.0591,                 1.9552,                 1.0239,                 1.0749,              0.0084292,              0.0084292,              0.0084292
                    240,                 1.1328,                  2.121,                 1.1433,                 1.1096,                0.54561,                0.56303,                0.51037,                0.34737,                0.54331,                 0.5549,                0.49971,                0.30129,                 1.0591,                 1.9552,                 1.0238,                 1.0748,              0.0084226,              0.0084226,              0.0084226
                    241,                 1.1362,                 2.1231,                 1.1408,                 1.1074,                0.54511,                0.56419,                0.51039,                 0.3474,                0.54392,                0.55461,                0.49981,                 0.3013,                 1.0591,                 1.9553,                 1.0239,                 1.0748,               0.008416,               0.008416,               0.008416
                    242,                 1.1378,                 2.1284,                 1.1422,                 1.1087,                0.54541,                0.56276,                 0.5104,                0.34752,                0.54444,                0.55378,                0.49999,                0.30142,                 1.0589,                 1.9553,                 1.0238,                 1.0747,              0.0084094,              0.0084094,              0.0084094
                    243,                 1.1355,                 2.1304,                 1.1406,                 1.1093,                0.54516,                0.56188,                0.51045,                 0.3475,                0.54336,                0.55402,                0.49993,                 0.3014,                 1.0587,                 1.9554,                 1.0237,                 1.0746,              0.0084028,              0.0084028,              0.0084028
                    244,                 1.1364,                 2.1258,                 1.1452,                 1.1082,                 0.5444,                0.56317,                0.51048,                0.34751,                0.54439,                0.55371,                0.50017,                0.30141,                 1.0584,                 1.9553,                 1.0236,                 1.0744,              0.0083962,              0.0083962,              0.0083962
                    245,                 1.1324,                 2.1181,                 1.1368,                 1.1071,                0.54493,                0.56195,                0.51042,                0.34748,                0.54409,                 0.5539,                0.50023,                0.30134,                 1.0584,                 1.9552,                 1.0235,                 1.0743,              0.0083896,              0.0083896,              0.0083896
                    246,                 1.1354,                 2.1192,                 1.1378,                 1.1075,                0.54642,                0.56111,                0.51051,                0.34747,                0.54426,                0.55391,                0.50031,                0.30154,                 1.0584,                 1.9551,                 1.0235,                 1.0742,               0.008383,               0.008383,               0.008383
                    247,                 1.1328,                 2.1178,                 1.1428,                 1.1079,                0.54646,                0.56185,                0.51079,                0.34761,                 0.5441,                0.55445,                0.50044,                 0.3016,                 1.0584,                 1.9547,                 1.0235,                 1.0742,              0.0083764,              0.0083764,              0.0083764
                    248,                 1.1351,                 2.1239,                 1.1409,                 1.1075,                0.54554,                0.56176,                 0.5111,                0.34769,                0.54405,                0.55467,                0.50052,                0.30169,                 1.0584,                 1.9546,                 1.0233,                 1.0742,              0.0083698,              0.0083698,              0.0083698
                    249,                 1.1334,                 2.1185,                 1.1417,                  1.108,                0.54645,                0.56183,                0.51117,                0.34763,                0.54387,                0.55463,                0.50047,                0.30173,                 1.0584,                 1.9548,                 1.0232,                 1.0742,              0.0083632,              0.0083632,              0.0083632
                    250,                 1.1343,                 2.1214,                 1.1393,                 1.1084,                0.54606,                0.56136,                0.51084,                0.34769,                0.54644,                0.55264,                0.50067,                0.30168,                 1.0583,                 1.9546,                 1.0231,                 1.0741,              0.0083566,              0.0083566,              0.0083566
                    251,                 1.1365,                 2.1268,                 1.1435,                 1.1084,                0.54409,                0.56373,                0.51094,                0.34762,                  0.546,                0.55255,                0.50077,                0.30166,                 1.0583,                 1.9544,                 1.0232,                 1.0741,                0.00835,                0.00835,                0.00835
                    252,                 1.1338,                  2.125,                  1.143,                 1.1087,                0.54419,                0.56429,                0.51102,                0.34765,                0.54591,                0.55255,                0.50094,                0.30163,                 1.0581,                 1.9539,                 1.0229,                  1.074,              0.0083434,              0.0083434,              0.0083434
                    253,                  1.138,                 2.1276,                 1.1402,                 1.1076,                0.54471,                0.56485,                0.51098,                0.34751,                 0.5477,                0.55219,                0.50084,                0.30155,                 1.0581,                 1.9539,                 1.0228,                  1.074,              0.0083368,              0.0083368,              0.0083368
                    254,                 1.1342,                 2.1223,                 1.1419,                 1.1086,                 0.5467,                0.56287,                0.51098,                0.34758,                0.54545,                 0.5533,                0.50063,                0.30154,                 1.0579,                 1.9538,                 1.0227,                 1.0739,              0.0083302,              0.0083302,              0.0083302
                    255,                 1.1311,                  2.116,                 1.1378,                 1.1079,                0.54624,                0.56311,                0.51103,                 0.3477,                0.54518,                0.55487,                0.50073,                 0.3017,                 1.0579,                 1.9536,                 1.0226,                 1.0739,              0.0083236,              0.0083236,              0.0083236
                    256,                 1.1342,                 2.1245,                 1.1392,                 1.1082,                0.54663,                0.56286,                0.51137,                0.34772,                0.54679,                  0.554,                0.50087,                0.30185,                 1.0582,                 1.9538,                 1.0225,                 1.0741,               0.008317,               0.008317,               0.008317
                    257,                 1.1362,                 2.1251,                 1.1397,                 1.1078,                0.54478,                0.56511,                0.51126,                 0.3477,                0.54586,                0.55488,                0.50078,                0.30176,                 1.0582,                 1.9537,                 1.0224,                  1.074,              0.0083104,              0.0083104,              0.0083104
                    258,                  1.136,                 2.1274,                 1.1416,                 1.1072,                0.54573,                0.56389,                 0.5114,                 0.3479,                0.54708,                0.55398,                0.50099,                0.30191,                 1.0581,                 1.9534,                 1.0222,                  1.074,              0.0083038,              0.0083038,              0.0083038
                    259,                 1.1333,                 2.1251,                 1.1433,                 1.1081,                0.54551,                0.56506,                0.51147,                0.34803,                0.54802,                0.55308,                0.50128,                0.30201,                 1.0583,                 1.9533,                 1.0222,                  1.074,              0.0082972,              0.0082972,              0.0082972
                    260,                 1.1384,                 2.1263,                   1.14,                 1.1084,                0.54514,                0.56488,                0.51142,                0.34817,                0.54759,                0.55305,                0.50111,                0.30215,                 1.0581,                 1.9532,                 1.0221,                 1.0739,              0.0082906,              0.0082906,              0.0082906
                    261,                 1.1315,                 2.1195,                 1.1402,                 1.1074,                0.54683,                0.56263,                0.51165,                0.34838,                0.54829,                0.55314,                0.50119,                0.30227,                 1.0582,                 1.9534,                  1.022,                  1.074,               0.008284,               0.008284,               0.008284
                    262,                 1.1313,                 2.1198,                 1.1389,                  1.107,                0.54709,                0.56324,                0.51187,                0.34844,                0.54651,                0.55414,                0.50132,                0.30247,                 1.0582,                 1.9532,                 1.0219,                 1.0741,              0.0082774,              0.0082774,              0.0082774
                    263,                 1.1369,                 2.1254,                  1.139,                 1.1062,                0.54581,                0.56398,                0.51169,                0.34852,                0.54597,                0.55499,                0.50143,                0.30253,                 1.0579,                  1.953,                 1.0217,                  1.074,              0.0082708,              0.0082708,              0.0082708
                    264,                 1.1393,                 2.1295,                 1.1421,                 1.1082,                0.54537,                0.56324,                0.51174,                 0.3485,                 0.5471,                 0.5539,                0.50138,                 0.3025,                 1.0578,                 1.9526,                 1.0216,                 1.0739,              0.0082642,              0.0082642,              0.0082642
                    265,                 1.1354,                 2.1247,                 1.1425,                 1.1083,                0.54649,                0.56257,                 0.5117,                0.34852,                0.54691,                0.55416,                0.50128,                0.30252,                 1.0578,                 1.9525,                 1.0215,                 1.0739,              0.0082576,              0.0082576,              0.0082576
                    266,                 1.1312,                 2.1161,                 1.1346,                 1.1054,                 0.5449,                0.56407,                0.51151,                0.34859,                0.54589,                0.55374,                0.50115,                 0.3025,                 1.0576,                 1.9523,                 1.0214,                 1.0738,               0.008251,               0.008251,               0.008251
                    267,                 1.1293,                 2.1202,                  1.136,                 1.1057,                 0.5456,                0.56472,                0.51159,                0.34856,                0.54703,                0.55265,                0.50136,                0.30246,                 1.0575,                 1.9522,                 1.0213,                 1.0737,              0.0082444,              0.0082444,              0.0082444
                    268,                 1.1331,                  2.119,                 1.1364,                 1.1072,                0.54486,                0.56456,                 0.5115,                0.34856,                0.54726,                0.55292,                0.50134,                0.30244,                 1.0576,                 1.9521,                 1.0212,                 1.0737,              0.0082378,              0.0082378,              0.0082378
                    269,                 1.1364,                 2.1235,                 1.1381,                 1.1074,                0.54382,                0.56512,                0.51137,                0.34845,                 0.5464,                0.55404,                 0.5013,                0.30251,                 1.0577,                 1.9521,                 1.0211,                 1.0738,              0.0082312,              0.0082312,              0.0082312
                    270,                 1.1361,                 2.1233,                 1.1397,                 1.1085,                0.54453,                 0.5647,                0.51124,                0.34844,                0.54493,                0.55579,                0.50124,                0.30255,                 1.0578,                 1.9521,                  1.021,                 1.0737,              0.0082246,              0.0082246,              0.0082246
                    271,                 1.1313,                  2.117,                 1.1363,                 1.1051,                0.54674,                0.56292,                0.51132,                0.34843,                0.54481,                0.55552,                0.50124,                0.30259,                 1.0579,                 1.9522,                 1.0209,                 1.0737,               0.008218,               0.008218,               0.008218
                    272,                 1.1362,                 2.1231,                 1.1387,                 1.1082,                0.54772,                 0.5631,                0.51144,                0.34855,                0.54516,                0.55556,                0.50112,                 0.3026,                 1.0578,                 1.9519,                 1.0207,                 1.0737,              0.0082114,              0.0082114,              0.0082114
                    273,                  1.131,                 2.1215,                 1.1363,                 1.1066,                0.54543,                0.56549,                0.51145,                 0.3485,                0.54693,                0.55354,                0.50128,                0.30262,                 1.0579,                 1.9519,                 1.0208,                 1.0738,              0.0082048,              0.0082048,              0.0082048
                    274,                 1.1314,                 2.1132,                 1.1342,                 1.1066,                0.54582,                0.56538,                0.51143,                0.34859,                0.54783,                0.55366,                0.50147,                0.30268,                 1.0578,                 1.9516,                 1.0207,                 1.0738,              0.0081982,              0.0081982,              0.0081982
                    275,                 1.1353,                 2.1259,                 1.1396,                 1.1073,                0.54619,                0.56418,                0.51144,                0.34857,                0.54795,                0.55441,                0.50158,                0.30276,                  1.058,                 1.9517,                 1.0206,                 1.0738,              0.0081916,              0.0081916,              0.0081916
                    276,                   1.13,                 2.1107,                 1.1333,                  1.105,                0.54508,                0.56547,                0.51174,                0.34866,                0.54762,                0.55439,                0.50175,                0.30282,                  1.058,                 1.9518,                 1.0206,                 1.0737,               0.008185,               0.008185,               0.008185
                    277,                 1.1323,                 2.1192,                 1.1363,                 1.1067,                0.54471,                0.56523,                0.51193,                0.34874,                0.54733,                0.55444,                0.50186,                0.30286,                 1.0579,                 1.9515,                 1.0205,                 1.0737,              0.0081784,              0.0081784,              0.0081784
                    278,                 1.1301,                 2.1124,                 1.1314,                 1.1043,                0.54705,                0.56329,                0.51203,                0.34892,                0.54704,                0.55459,                0.50182,                0.30292,                 1.0578,                 1.9515,                 1.0204,                 1.0736,              0.0081718,              0.0081718,              0.0081718
                    279,                  1.137,                 2.1277,                  1.141,                 1.1076,                0.54428,                 0.5653,                0.51202,                0.34899,                0.54835,                  0.553,                0.50174,                 0.3029,                 1.0578,                 1.9513,                 1.0204,                 1.0736,              0.0081652,              0.0081652,              0.0081652
                    280,                 1.1314,                  2.117,                 1.1358,                 1.1051,                0.54355,                0.56531,                0.51186,                0.34896,                0.54734,                0.55436,                0.50165,                0.30286,                 1.0578,                 1.9511,                 1.0204,                 1.0736,              0.0081586,              0.0081586,              0.0081586
                    281,                 1.1309,                 2.1142,                 1.1373,                 1.1052,                0.54422,                0.56578,                0.51206,                0.34903,                0.54698,                 0.5547,                0.50177,                0.30287,                 1.0578,                 1.9512,                 1.0203,                 1.0735,               0.008152,               0.008152,               0.008152
                    282,                  1.134,                 2.1203,                 1.1366,                 1.1078,                0.54392,                0.56538,                  0.512,                0.34914,                0.54723,                 0.5551,                0.50214,                0.30291,                 1.0578,                  1.951,                 1.0202,                 1.0735,              0.0081454,              0.0081454,              0.0081454
                    283,                 1.1349,                 2.1227,                 1.1366,                 1.1081,                0.54663,                0.56382,                 0.5122,                0.34916,                0.54714,                 0.5554,                0.50224,                0.30306,                 1.0578,                 1.9509,                   1.02,                 1.0735,              0.0081388,              0.0081388,              0.0081388
                    284,                 1.1322,                 2.1188,                 1.1385,                  1.107,                0.54357,                0.56612,                0.51229,                0.34922,                0.54593,                 0.5551,                0.50212,                0.30302,                 1.0578,                 1.9505,                   1.02,                 1.0735,              0.0081322,              0.0081322,              0.0081322
                    285,                 1.1356,                 2.1229,                 1.1389,                 1.1069,                0.54655,                0.56429,                0.51253,                0.34938,                0.54754,                0.55396,                0.50256,                0.30318,                 1.0579,                 1.9502,                 1.0198,                 1.0734,              0.0081256,              0.0081256,              0.0081256
                    286,                 1.1332,                 2.1224,                 1.1391,                  1.107,                  0.545,                0.56596,                0.51256,                0.34946,                0.54845,                0.55392,                0.50267,                0.30328,                  1.058,                 1.9504,                 1.0199,                 1.0734,               0.008119,               0.008119,               0.008119
                    287,                 1.1331,                 2.1205,                 1.1358,                 1.1062,                0.54763,                0.56412,                0.51295,                0.34962,                0.54887,                0.55411,                 0.5027,                0.30321,                  1.058,                 1.9504,                 1.0198,                 1.0734,              0.0081124,              0.0081124,              0.0081124
                    288,                 1.1329,                 2.1209,                  1.135,                 1.1065,                0.54788,                0.56432,                0.51273,                0.34949,                0.54878,                0.55453,                0.50278,                0.30314,                 1.0579,                 1.9503,                 1.0197,                 1.0734,              0.0081058,              0.0081058,              0.0081058
                    289,                 1.1339,                 2.1183,                 1.1349,                 1.1063,                0.54747,                0.56467,                0.51291,                0.34968,                0.54913,                 0.5551,                  0.503,                0.30333,                 1.0577,                 1.9502,                 1.0196,                 1.0733,              0.0080992,              0.0080992,              0.0080992
                    290,                 1.1268,                  2.112,                 1.1335,                 1.1057,                0.54721,                0.56434,                0.51292,                0.34971,                0.54908,                0.55526,                0.50303,                0.30332,                 1.0577,                 1.9501,                 1.0195,                 1.0732,              0.0080926,              0.0080926,              0.0080926
                    291,                 1.1322,                 2.1235,                 1.1366,                 1.1069,                0.54718,                0.56482,                0.51288,                0.34971,                0.54849,                0.55542,                0.50281,                0.30334,                 1.0577,                   1.95,                 1.0194,                 1.0732,               0.008086,               0.008086,               0.008086
                    292,                 1.1356,                 2.1214,                 1.1361,                 1.1069,                 0.5467,                0.56464,                0.51287,                0.34977,                0.54798,                0.55541,                0.50293,                 0.3033,                 1.0577,                 1.9501,                 1.0194,                 1.0733,              0.0080794,              0.0080794,              0.0080794
                    293,                 1.1294,                 2.1096,                 1.1309,                 1.1043,                0.54683,                0.56485,                0.51317,                0.34983,                0.54873,                0.55508,                 0.5033,                0.30346,                 1.0577,                 1.9501,                 1.0193,                 1.0733,              0.0080728,              0.0080728,              0.0080728
                    294,                  1.136,                 2.1212,                 1.1386,                 1.1064,                0.54746,                0.56489,                0.51302,                0.34981,                 0.5491,                0.55559,                0.50301,                0.30336,                 1.0576,                 1.9499,                 1.0192,                 1.0732,              0.0080662,              0.0080662,              0.0080662
                    295,                 1.1348,                 2.1207,                 1.1382,                 1.1057,                 0.5476,                0.56554,                0.51337,                0.34984,                0.54819,                0.55603,                0.50336,                0.30336,                 1.0576,                 1.9499,                 1.0191,                 1.0732,              0.0080596,              0.0080596,              0.0080596
                    296,                 1.1296,                 2.1105,                 1.1311,                 1.1035,                0.54668,                0.56601,                0.51357,                0.34997,                0.54832,                0.55585,                0.50369,                0.30349,                 1.0576,                 1.9498,                  1.019,                 1.0733,               0.008053,               0.008053,               0.008053
                    297,                 1.1318,                  2.118,                 1.1373,                 1.1059,                0.54694,                 0.5663,                0.51368,                0.34993,                0.54957,                0.55453,                0.50361,                0.30337,                 1.0578,                 1.9498,                  1.019,                 1.0734,              0.0080464,              0.0080464,              0.0080464
                    298,                 1.1284,                  2.108,                 1.1301,                  1.106,                0.54652,                0.56653,                0.51359,                0.34982,                0.54955,                0.55495,                0.50353,                0.30322,                 1.0579,                 1.9498,                  1.019,                 1.0735,              0.0080398,              0.0080398,              0.0080398
                    299,                 1.1352,                 2.1201,                 1.1358,                 1.1068,                0.54686,                0.56643,                0.51341,                0.34969,                0.54801,                0.55581,                0.50331,                0.30329,                  1.058,                 1.9497,                 1.0188,                 1.0735,              0.0080332,              0.0080332,              0.0080332
                    300,                 1.1292,                 2.1077,                 1.1348,                 1.1056,                0.54673,                0.56614,                0.51337,                0.34976,                0.54788,                0.55657,                0.50364,                0.30341,                 1.0579,                 1.9495,                 1.0188,                 1.0734,              0.0080266,              0.0080266,              0.0080266
                    301,                 1.1388,                 2.1274,                 1.1398,                 1.1075,                0.54696,                0.56662,                0.51347,                0.34983,                0.54726,                0.55579,                0.50338,                0.30339,                 1.0579,                 1.9496,                 1.0188,                 1.0734,                0.00802,                0.00802,                0.00802
                    302,                 1.1274,                 2.1069,                 1.1304,                 1.1037,                0.54641,                0.56657,                 0.5135,                0.34984,                0.54689,                0.55616,                0.50336,                0.30343,                  1.058,                 1.9495,                 1.0187,                 1.0734,              0.0080134,              0.0080134,              0.0080134
                    303,                 1.1345,                  2.126,                 1.1372,                 1.1065,                 0.5465,                0.56632,                 0.5135,                0.34989,                 0.5458,                0.55751,                0.50341,                0.30349,                 1.0579,                 1.9496,                 1.0186,                 1.0734,              0.0080068,              0.0080068,              0.0080068
                    304,                 1.1327,                 2.1198,                 1.1354,                 1.1059,                0.54644,                0.56652,                0.51365,                0.34999,                0.54634,                0.55665,                0.50337,                0.30354,                  1.058,                 1.9495,                 1.0186,                 1.0735,              0.0080002,              0.0080002,              0.0080002
                    305,                 1.1285,                 2.1143,                 1.1333,                 1.1049,                0.54626,                0.56617,                0.51371,                0.35011,                 0.5472,                0.55648,                0.50355,                0.30378,                 1.0579,                 1.9493,                 1.0183,                 1.0734,              0.0079936,              0.0079936,              0.0079936
                    306,                 1.1313,                 2.1164,                 1.1344,                  1.106,                0.54605,                0.56589,                0.51357,                0.35005,                0.54694,                0.55591,                0.50332,                0.30375,                  1.058,                 1.9493,                 1.0184,                 1.0734,               0.007987,               0.007987,               0.007987
                    307,                 1.1284,                 2.1107,                 1.1309,                 1.1057,                0.54626,                0.56644,                0.51375,                0.34998,                0.54669,                0.55619,                0.50372,                 0.3038,                 1.0581,                 1.9493,                 1.0184,                 1.0734,              0.0079804,              0.0079804,              0.0079804
                    308,                   1.13,                 2.1131,                 1.1313,                 1.1052,                0.54605,                0.56641,                0.51358,                0.34977,                0.54666,                0.55628,                0.50356,                0.30368,                 1.0582,                 1.9493,                 1.0184,                 1.0734,              0.0079738,              0.0079738,              0.0079738
                    309,                 1.1318,                 2.1159,                 1.1305,                 1.1045,                0.54623,                0.56599,                0.51367,                0.34993,                0.54675,                0.55723,                 0.5039,                0.30376,                 1.0582,                 1.9493,                 1.0183,                 1.0733,              0.0079672,              0.0079672,              0.0079672
                    310,                 1.1274,                 2.1034,                 1.1316,                 1.1062,                0.54559,                0.56656,                0.51348,                0.34994,                0.54637,                0.55819,                0.50376,                0.30374,                 1.0582,                 1.9493,                 1.0183,                 1.0733,              0.0079606,              0.0079606,              0.0079606
                    311,                 1.1308,                  2.113,                 1.1332,                 1.1054,                  0.545,                0.56738,                0.51345,                   0.35,                0.54674,                0.55813,                0.50383,                0.30372,                 1.0582,                 1.9492,                 1.0183,                 1.0733,               0.007954,               0.007954,               0.007954
                    312,                 1.1275,                 2.1109,                  1.133,                 1.1026,                0.54495,                0.56707,                0.51357,                0.35003,                0.54693,                0.55771,                0.50376,                0.30386,                 1.0582,                 1.9494,                 1.0182,                 1.0733,              0.0079474,              0.0079474,              0.0079474
                    313,                 1.1352,                 2.1246,                 1.1373,                 1.1071,                0.54706,                0.56524,                 0.5137,                0.35022,                0.54602,                 0.5576,                0.50376,                0.30381,                 1.0581,                 1.9492,                  1.018,                 1.0732,              0.0079408,              0.0079408,              0.0079408
                    314,                 1.1281,                 2.1119,                 1.1256,                 1.1022,                0.54514,                0.56723,                0.51355,                0.35023,                0.54516,                0.55831,                0.50379,                0.30382,                 1.0581,                 1.9492,                 1.0179,                 1.0732,              0.0079342,              0.0079342,              0.0079342
                    315,                  1.132,                 2.1119,                 1.1361,                 1.1065,                 0.5451,                0.56715,                 0.5137,                0.35012,                0.54697,                0.55753,                0.50389,                0.30374,                 1.0581,                 1.9492,                 1.0178,                 1.0732,              0.0079276,              0.0079276,              0.0079276
                    316,                 1.1335,                 2.1237,                 1.1362,                 1.1055,                 0.5439,                 0.5683,                0.51369,                0.35003,                0.54684,                0.55682,                0.50386,                 0.3038,                 1.0581,                 1.9491,                 1.0177,                 1.0732,               0.007921,               0.007921,               0.007921
                    317,                 1.1323,                 2.1154,                 1.1355,                 1.1046,                 0.5439,                0.56841,                0.51366,                0.35007,                 0.5454,                0.55872,                0.50403,                0.30378,                 1.0582,                 1.9489,                 1.0176,                 1.0732,              0.0079144,              0.0079144,              0.0079144
                    318,                 1.1342,                 2.1203,                 1.1355,                 1.1068,                0.54524,                0.56733,                0.51367,                0.35002,                 0.5456,                0.55863,                0.50374,                0.30364,                 1.0582,                  1.949,                 1.0174,                 1.0732,              0.0079078,              0.0079078,              0.0079078
                    319,                 1.1287,                 2.1104,                 1.1324,                  1.105,                 0.5459,                0.56716,                0.51379,                0.35001,                0.54543,                0.55896,                0.50396,                0.30378,                  1.058,                 1.9488,                 1.0172,                  1.073,              0.0079012,              0.0079012,              0.0079012
                    320,                 1.1293,                 2.1139,                 1.1315,                 1.1027,                0.54646,                0.56742,                0.51401,                0.35017,                0.54617,                0.55852,                0.50432,                0.30394,                 1.0579,                 1.9485,                 1.0171,                 1.0729,              0.0078946,              0.0078946,              0.0078946
                    321,                 1.1299,                 2.1187,                 1.1339,                 1.1057,                0.54692,                0.56642,                0.51409,                0.35012,                0.54655,                0.55878,                0.50429,                0.30399,                 1.0579,                 1.9484,                 1.0171,                 1.0729,               0.007888,               0.007888,               0.007888
                    322,                 1.1298,                 2.1183,                 1.1346,                 1.1056,                 0.5466,                0.56698,                0.51415,                0.35015,                0.54746,                0.55772,                 0.5047,                0.30403,                  1.058,                 1.9486,                 1.0169,                 1.0729,              0.0078814,              0.0078814,              0.0078814
                    323,                 1.1303,                 2.1146,                 1.1356,                 1.1057,                0.54528,                0.56783,                0.51406,                0.35016,                 0.5481,                0.55723,                0.50472,                0.30404,                 1.0581,                 1.9487,                 1.0169,                 1.0729,              0.0078748,              0.0078748,              0.0078748
                    324,                 1.1315,                 2.1167,                 1.1305,                  1.105,                 0.5474,                0.56665,                 0.5143,                0.35036,                0.54792,                0.55819,                0.50496,                0.30416,                 1.0581,                 1.9485,                 1.0167,                 1.0728,              0.0078682,              0.0078682,              0.0078682
                    325,                 1.1325,                 2.1193,                 1.1332,                  1.106,                0.54589,                0.56877,                0.51447,                0.35042,                0.54706,                0.55885,                0.50499,                0.30413,                 1.0581,                 1.9486,                 1.0166,                 1.0728,              0.0078616,              0.0078616,              0.0078616
                    326,                 1.1318,                 2.1104,                 1.1295,                 1.1035,                 0.5461,                0.56921,                0.51465,                0.35036,                0.54806,                0.55929,                0.50528,                0.30413,                 1.0579,                 1.9486,                 1.0166,                 1.0728,               0.007855,               0.007855,               0.007855
                    327,                 1.1224,                 2.1032,                  1.127,                 1.1041,                0.54749,                0.56849,                0.51459,                0.35045,                0.54896,                0.55793,                0.50506,                0.30417,                 1.0578,                 1.9484,                 1.0164,                 1.0727,              0.0078484,              0.0078484,              0.0078484
                    328,                 1.1285,                 2.1105,                 1.1288,                  1.105,                0.54678,                0.56857,                0.51484,                0.35063,                0.54954,                0.55701,                0.50519,                0.30428,                 1.0576,                 1.9485,                 1.0165,                 1.0726,              0.0078418,              0.0078418,              0.0078418
                    329,                 1.1324,                 2.1156,                 1.1334,                  1.105,                0.54824,                0.56737,                0.51471,                0.35079,                0.54978,                0.55733,                0.50536,                0.30429,                 1.0575,                  1.948,                 1.0164,                 1.0724,              0.0078352,              0.0078352,              0.0078352
                    330,                 1.1321,                 2.1168,                  1.132,                 1.1038,                0.54798,                0.56744,                0.51472,                0.35079,                0.54903,                0.55754,                0.50534,                0.30455,                 1.0572,                 1.9479,                 1.0163,                 1.0723,              0.0078286,              0.0078286,              0.0078286
                    331,                  1.129,                 2.1098,                 1.1313,                 1.1052,                0.54893,                0.56751,                0.51501,                 0.3509,                 0.5481,                0.55858,                0.50531,                 0.3045,                 1.0572,                 1.9475,                 1.0162,                 1.0723,               0.007822,               0.007822,               0.007822
                    332,                 1.1293,                 2.1118,                 1.1313,                 1.1036,                0.54896,                0.56771,                0.51484,                0.35081,                0.54905,                0.55765,                0.50546,                 0.3045,                 1.0571,                 1.9475,                  1.016,                 1.0723,              0.0078154,              0.0078154,              0.0078154
                    333,                 1.1276,                 2.1053,                 1.1273,                 1.1033,                0.54833,                0.56749,                0.51477,                0.35077,                0.54729,                0.55887,                0.50536,                0.30429,                 1.0572,                 1.9475,                 1.0158,                 1.0723,              0.0078088,              0.0078088,              0.0078088
                    334,                 1.1289,                 2.1123,                 1.1286,                 1.1041,                0.54875,                0.56744,                0.51492,                0.35081,                0.54828,                 0.5574,                0.50522,                0.30451,                 1.0571,                 1.9472,                 1.0158,                 1.0722,              0.0078022,              0.0078022,              0.0078022
                    335,                 1.1284,                 2.1067,                 1.1342,                 1.1046,                0.54818,                0.56715,                0.51501,                0.35101,                0.54676,                0.55839,                0.50534,                0.30478,                 1.0571,                 1.9471,                 1.0156,                 1.0722,              0.0077956,              0.0077956,              0.0077956
                    336,                 1.1266,                  2.105,                 1.1258,                  1.102,                0.54775,                0.56781,                0.51509,                0.35104,                 0.5485,                0.55774,                0.50545,                0.30469,                  1.057,                 1.9469,                 1.0154,                  1.072,               0.007789,               0.007789,               0.007789
                    337,                 1.1302,                 2.1133,                 1.1355,                 1.1049,                0.54774,                0.56725,                0.51523,                0.35107,                0.54819,                0.55745,                0.50525,                0.30472,                  1.057,                 1.9467,                 1.0153,                  1.072,              0.0077824,              0.0077824,              0.0077824
                    338,                 1.1263,                 2.1098,                 1.1291,                 1.1052,                0.54787,                0.56736,                0.51529,                0.35121,                0.54726,                0.55902,                0.50546,                0.30482,                 1.0569,                 1.9467,                 1.0152,                  1.072,              0.0077758,              0.0077758,              0.0077758
                    339,                 1.1276,                 2.1074,                  1.128,                 1.1035,                0.54855,                0.56768,                0.51546,                 0.3513,                0.54657,                0.55981,                0.50551,                0.30484,                 1.0569,                 1.9465,                 1.0151,                  1.072,              0.0077692,              0.0077692,              0.0077692
                    340,                 1.1275,                 2.1077,                  1.128,                 1.1037,                0.54859,                0.56785,                0.51541,                0.35116,                0.54678,                0.55968,                0.50541,                0.30475,                 1.0571,                 1.9463,                 1.0151,                  1.072,              0.0077626,              0.0077626,              0.0077626
                    341,                 1.1317,                 2.1143,                 1.1325,                 1.1049,                0.54834,                 0.5677,                0.51556,                0.35117,                0.54753,                0.55931,                0.50564,                0.30483,                  1.057,                 1.9463,                  1.015,                  1.072,               0.007756,               0.007756,               0.007756
                    342,                 1.1254,                 2.1032,                 1.1275,                 1.1025,                 0.5478,                0.56835,                0.51559,                0.35126,                0.54912,                0.55812,                0.50564,                0.30477,                  1.057,                 1.9461,                 1.0149,                  1.072,              0.0077494,              0.0077494,              0.0077494
                    343,                 1.1334,                 2.1153,                 1.1335,                 1.1061,                0.54709,                 0.5693,                0.51567,                0.35129,                0.54924,                0.55811,                0.50586,                0.30505,                 1.0572,                 1.9463,                 1.0147,                  1.072,              0.0077428,              0.0077428,              0.0077428
                    344,                 1.1285,                 2.1085,                 1.1267,                  1.103,                0.54642,                0.56995,                0.51552,                0.35145,                 0.5496,                0.55803,                0.50575,                0.30499,                 1.0571,                 1.9463,                 1.0146,                  1.072,              0.0077362,              0.0077362,              0.0077362
                    345,                 1.1315,                 2.1162,                 1.1325,                 1.1046,                0.54678,                0.56994,                0.51539,                0.35139,                0.54887,                0.55912,                0.50562,                0.30496,                 1.0571,                 1.9464,                 1.0145,                 1.0721,              0.0077296,              0.0077296,              0.0077296
                    346,                 1.1326,                 2.1197,                 1.1331,                 1.1031,                0.54565,                0.57093,                0.51543,                0.35144,                0.54821,                0.55972,                0.50537,                 0.3048,                 1.0571,                 1.9463,                 1.0145,                 1.0721,               0.007723,               0.007723,               0.007723
                    347,                 1.1266,                  2.105,                 1.1247,                 1.1031,                0.54676,                0.57002,                0.51578,                0.35151,                0.54787,                0.55996,                0.50562,                0.30506,                 1.0572,                 1.9464,                 1.0145,                 1.0721,              0.0077164,              0.0077164,              0.0077164
                    348,                 1.1275,                 2.1122,                 1.1297,                 1.1049,                0.54725,                0.57016,                0.51612,                0.35177,                0.54739,                0.55982,                 0.5057,                0.30515,                 1.0572,                 1.9462,                 1.0144,                 1.0722,              0.0077098,              0.0077098,              0.0077098
                    349,                 1.1278,                 2.1084,                 1.1356,                 1.1041,                0.54763,                0.57062,                0.51618,                0.35185,                0.54763,                0.55981,                0.50583,                0.30515,                 1.0574,                  1.946,                 1.0144,                 1.0723,              0.0077032,              0.0077032,              0.0077032
                    350,                 1.1282,                 2.1073,                 1.1302,                 1.1047,                0.54704,                0.57039,                0.51617,                0.35187,                0.54878,                 0.5596,                0.50588,                0.30522,                 1.0576,                 1.9458,                 1.0142,                 1.0722,              0.0076966,              0.0076966,              0.0076966
                    351,                 1.1295,                 2.1101,                 1.1273,                 1.1033,                0.54707,                0.56993,                0.51621,                0.35187,                 0.5469,                0.56111,                0.50587,                0.30531,                 1.0576,                 1.9456,                  1.014,                 1.0722,                0.00769,                0.00769,                0.00769
                    352,                 1.1275,                 2.1023,                 1.1274,                 1.1043,                0.54702,                0.56971,                0.51614,                 0.3519,                0.54862,                0.55983,                0.50586,                 0.3054,                 1.0576,                 1.9457,                  1.014,                 1.0722,              0.0076834,              0.0076834,              0.0076834
                    353,                 1.1307,                 2.1147,                 1.1303,                 1.1038,                0.54737,                0.57012,                0.51603,                0.35188,                0.54803,                 0.5596,                0.50572,                0.30536,                 1.0575,                 1.9457,                 1.0138,                 1.0722,              0.0076768,              0.0076768,              0.0076768
                    354,                 1.1281,                 2.1121,                 1.1292,                 1.1024,                0.54721,                0.57011,                0.51612,                0.35205,                0.54674,                0.56108,                0.50587,                0.30556,                 1.0575,                 1.9455,                 1.0138,                 1.0722,              0.0076702,              0.0076702,              0.0076702
                    355,                  1.127,                 2.1046,                 1.1302,                 1.1038,                0.54985,                0.56816,                0.51625,                 0.3522,                0.54846,                0.55995,                0.50613,                0.30565,                 1.0573,                 1.9454,                 1.0136,                 1.0721,              0.0076636,              0.0076636,              0.0076636
                    356,                 1.1297,                 2.1122,                 1.1294,                 1.1029,                0.54874,                0.56939,                0.51622,                0.35218,                0.54852,                0.56017,                0.50629,                0.30559,                 1.0572,                 1.9453,                 1.0136,                 1.0721,               0.007657,               0.007657,               0.007657
                    357,                 1.1277,                 2.1085,                 1.1261,                 1.1027,                0.54993,                0.56833,                0.51618,                0.35227,                 0.5485,                 0.5603,                0.50661,                0.30564,                 1.0568,                 1.9452,                 1.0135,                 1.0719,              0.0076504,              0.0076504,              0.0076504
                    358,                 1.1302,                 2.1118,                 1.1291,                 1.1041,                0.54918,                0.56843,                 0.5162,                0.35229,                0.54875,                0.55968,                0.50653,                0.30558,                  1.057,                 1.9451,                 1.0134,                  1.072,              0.0076438,              0.0076438,              0.0076438
                    359,                 1.1289,                 2.1116,                 1.1307,                 1.1034,                0.54902,                0.56776,                0.51615,                0.35238,                0.55032,                 0.5586,                0.50662,                0.30556,                 1.0568,                 1.9451,                 1.0134,                  1.072,              0.0076372,              0.0076372,              0.0076372
                    360,                 1.1306,                 2.1154,                  1.131,                 1.1035,                0.54904,                0.56753,                0.51613,                0.35228,                0.54812,                0.56002,                0.50658,                0.30566,                 1.0569,                 1.9451,                 1.0134,                 1.0719,              0.0076306,              0.0076306,              0.0076306
                    361,                 1.1305,                 2.1093,                 1.1289,                 1.1031,                 0.5481,                 0.5677,                0.51598,                 0.3524,                 0.5477,                0.56013,                0.50675,                0.30578,                 1.0566,                  1.945,                 1.0132,                 1.0718,               0.007624,               0.007624,               0.007624
                    362,                 1.1313,                 2.1177,                 1.1317,                 1.1037,                0.54857,                0.56787,                0.51625,                0.35236,                0.54922,                0.55751,                0.50659,                0.30565,                 1.0567,                 1.9452,                 1.0133,                 1.0718,              0.0076174,              0.0076174,              0.0076174
                    363,                 1.1263,                 2.1077,                  1.128,                 1.1031,                0.54903,                0.56753,                0.51627,                0.35251,                0.54849,                 0.5583,                0.50676,                0.30576,                 1.0568,                 1.9454,                 1.0134,                 1.0719,              0.0076108,              0.0076108,              0.0076108
                    364,                 1.1273,                 2.1091,                 1.1275,                 1.1011,                0.54878,                0.56695,                0.51632,                0.35245,                0.54822,                 0.5593,                0.50691,                0.30586,                 1.0567,                 1.9454,                 1.0133,                 1.0719,              0.0076042,              0.0076042,              0.0076042
                    365,                 1.1319,                 2.1176,                 1.1318,                 1.1045,                0.54919,                 0.5669,                0.51634,                0.35251,                0.54955,                0.55764,                0.50687,                0.30573,                 1.0568,                 1.9453,                 1.0132,                 1.0718,              0.0075976,              0.0075976,              0.0075976
                    366,                 1.1284,                 2.1094,                 1.1299,                 1.1041,                0.54845,                0.56727,                0.51623,                0.35253,                0.54817,                0.55813,                0.50689,                0.30579,                 1.0567,                 1.9454,                 1.0131,                 1.0718,               0.007591,               0.007591,               0.007591
                    367,                 1.1271,                 2.1036,                 1.1269,                 1.1017,                0.54881,                0.56739,                0.51629,                0.35247,                0.54928,                0.55871,                0.50685,                0.30578,                 1.0569,                 1.9455,                 1.0131,                 1.0718,              0.0075844,              0.0075844,              0.0075844
                    368,                 1.1309,                 2.1147,                 1.1276,                 1.1035,                0.54849,                  0.567,                0.51635,                0.35261,                 0.5481,                0.55937,                0.50689,                0.30586,                 1.0567,                 1.9452,                 1.0131,                 1.0718,              0.0075778,              0.0075778,              0.0075778
                    369,                 1.1294,                 2.1137,                 1.1309,                 1.1045,                0.54819,                0.56896,                0.51641,                0.35264,                0.54843,                0.55954,                0.50684,                0.30572,                 1.0566,                 1.9454,                  1.013,                 1.0716,              0.0075712,              0.0075712,              0.0075712
                    370,                  1.127,                 2.1091,                 1.1275,                 1.1023,                0.54872,                0.56825,                0.51655,                0.35249,                0.54948,                0.55905,                0.50681,                0.30579,                 1.0567,                 1.9456,                 1.0129,                 1.0717,              0.0075646,              0.0075646,              0.0075646
                    371,                 1.1274,                 2.1101,                 1.1273,                 1.1035,                0.54863,                0.56887,                0.51668,                0.35259,                0.54921,                0.55908,                0.50721,                0.30579,                 1.0566,                 1.9457,                  1.013,                 1.0717,               0.007558,               0.007558,               0.007558
                    372,                 1.1302,                 2.1162,                 1.1276,                  1.103,                 0.5488,                0.56818,                0.51675,                0.35274,                0.54943,                0.55907,                0.50711,                 0.3058,                 1.0567,                 1.9455,                 1.0129,                 1.0717,              0.0075514,              0.0075514,              0.0075514
                    373,                 1.1307,                 2.1071,                 1.1269,                 1.1033,                   0.55,                0.56821,                0.51688,                0.35268,                   0.55,                0.55949,                0.50714,                0.30586,                 1.0567,                 1.9455,                 1.0129,                 1.0717,              0.0075448,              0.0075448,              0.0075448
                    374,                  1.126,                 2.1093,                 1.1263,                 1.1033,                0.54831,                0.56964,                0.51702,                0.35265,                0.54887,                0.56078,                0.50725,                0.30597,                 1.0566,                 1.9451,                 1.0128,                 1.0717,              0.0075382,              0.0075382,              0.0075382
                    375,                 1.1304,                 2.1125,                 1.1291,                 1.1038,                 0.5473,                0.57081,                0.51704,                0.35264,                0.55022,                 0.5599,                 0.5073,                0.30608,                 1.0566,                 1.9448,                 1.0127,                 1.0716,              0.0075316,              0.0075316,              0.0075316
                    376,                 1.1305,                  2.109,                 1.1266,                 1.1032,                0.54707,                0.57072,                0.51708,                0.35274,                 0.5489,                0.56077,                0.50764,                0.30617,                 1.0566,                 1.9449,                 1.0126,                 1.0716,               0.007525,               0.007525,               0.007525
                    377,                 1.1279,                  2.109,                 1.1286,                 1.1032,                0.54729,                0.57089,                0.51712,                0.35274,                0.54986,                0.55992,                0.50758,                 0.3061,                 1.0567,                 1.9448,                 1.0126,                 1.0715,              0.0075184,              0.0075184,              0.0075184
                    378,                 1.1248,                 2.1033,                 1.1259,                 1.1018,                0.54941,                0.56888,                0.51712,                0.35272,                0.54898,                0.56088,                0.50738,                0.30603,                 1.0565,                 1.9445,                 1.0125,                 1.0714,              0.0075118,              0.0075118,              0.0075118
                    379,                 1.1258,                 2.1077,                 1.1235,                 1.1011,                0.54984,                0.56895,                0.51719,                0.35254,                0.54754,                0.56189,                0.50728,                0.30601,                 1.0565,                 1.9446,                 1.0125,                 1.0713,              0.0075052,              0.0075052,              0.0075052
                    380,                 1.1276,                 2.1071,                 1.1244,                 1.1033,                0.54999,                0.56907,                0.51696,                0.35263,                0.55043,                0.56012,                0.50739,                0.30599,                 1.0566,                 1.9447,                 1.0126,                 1.0713,              0.0074986,              0.0074986,              0.0074986
                    381,                 1.1268,                 2.1033,                 1.1236,                 1.1019,                0.54998,                0.56904,                0.51709,                0.35281,                0.55223,                 0.5588,                0.50741,                0.30603,                 1.0566,                 1.9444,                 1.0123,                 1.0712,               0.007492,               0.007492,               0.007492
                    382,                 1.1275,                 2.1034,                  1.126,                 1.1018,                0.55018,                0.56894,                  0.517,                0.35267,                0.55189,                0.55921,                0.50745,                0.30607,                 1.0567,                 1.9445,                 1.0123,                 1.0712,              0.0074854,              0.0074854,              0.0074854
                    383,                  1.134,                 2.1198,                 1.1282,                 1.1045,                0.55116,                0.56902,                0.51711,                0.35275,                0.55094,                 0.5606,                0.50745,                 0.3061,                 1.0566,                 1.9445,                 1.0124,                 1.0712,              0.0074788,              0.0074788,              0.0074788
                    384,                 1.1237,                 2.0989,                 1.1253,                 1.1018,                0.55094,                0.56921,                0.51719,                0.35273,                0.55266,                0.55948,                0.50732,                0.30604,                 1.0566,                 1.9444,                 1.0124,                 1.0712,              0.0074722,              0.0074722,              0.0074722
                    385,                 1.1237,                  2.101,                 1.1241,                 1.1012,                0.55113,                0.56954,                0.51723,                0.35278,                0.55293,                0.55926,                0.50733,                0.30603,                 1.0566,                 1.9442,                 1.0123,                 1.0712,              0.0074656,              0.0074656,              0.0074656
                    386,                 1.1321,                 2.1134,                 1.1256,                 1.1027,                0.55032,                0.57009,                0.51712,                0.35274,                0.55235,                0.55894,                 0.5073,                0.30618,                 1.0565,                 1.9444,                 1.0122,                 1.0711,               0.007459,               0.007459,               0.007459
                    387,                 1.1259,                 2.1049,                 1.1244,                 1.1025,                0.55065,                0.56939,                0.51712,                0.35276,                0.55152,                0.55961,                0.50734,                0.30622,                 1.0565,                 1.9442,                 1.0122,                 1.0712,              0.0074524,              0.0074524,              0.0074524
                    388,                 1.1282,                 2.1119,                 1.1307,                  1.103,                 0.5504,                0.56992,                0.51711,                0.35286,                0.55156,                0.55978,                0.50752,                0.30627,                 1.0565,                  1.944,                 1.0123,                 1.0711,              0.0074458,              0.0074458,              0.0074458
                    389,                 1.1299,                 2.1117,                 1.1236,                  1.101,                0.54908,                0.56989,                0.51679,                0.35264,                0.55049,                0.56103,                0.50732,                0.30613,                 1.0565,                 1.9439,                 1.0123,                 1.0711,              0.0074392,              0.0074392,              0.0074392
                    390,                 1.1254,                 2.1101,                 1.1262,                 1.1022,                0.54767,                0.57117,                0.51697,                0.35273,                0.54959,                0.56229,                0.50732,                0.30621,                 1.0565,                 1.9437,                 1.0123,                 1.0711,              0.0074326,              0.0074326,              0.0074326
                    391,                 1.1254,                 2.1009,                 1.1217,                 1.1003,                0.54647,                0.57201,                0.51685,                0.35277,                0.54997,                0.56214,                0.50745,                0.30636,                 1.0566,                 1.9435,                 1.0124,                 1.0711,               0.007426,               0.007426,               0.007426
                    392,                 1.1241,                 2.0981,                 1.1263,                 1.1032,                0.54714,                 0.5718,                0.51682,                0.35279,                0.54793,                0.56254,                0.50727,                0.30631,                 1.0567,                 1.9435,                 1.0124,                 1.0711,              0.0074194,              0.0074194,              0.0074194
                    393,                 1.1267,                 2.1048,                 1.1269,                 1.1031,                0.54659,                0.57108,                0.51678,                0.35288,                0.54875,                0.56311,                0.50763,                 0.3064,                 1.0565,                 1.9434,                 1.0123,                 1.0711,              0.0074128,              0.0074128,              0.0074128
                    394,                 1.1274,                 2.1056,                 1.1229,                 1.1024,                0.54799,                0.57035,                0.51701,                0.35292,                 0.5494,                0.56125,                0.50755,                 0.3066,                 1.0565,                 1.9437,                 1.0124,                 1.0711,              0.0074062,              0.0074062,              0.0074062
                    395,                 1.1273,                 2.1089,                 1.1266,                 1.1032,                0.54993,                0.56942,                  0.517,                0.35296,                0.54994,                0.56153,                0.50768,                0.30655,                 1.0564,                 1.9438,                 1.0122,                 1.0711,              0.0073996,              0.0073996,              0.0073996
                    396,                 1.1242,                 2.1014,                 1.1257,                 1.1021,                0.54979,                 0.5693,                0.51715,                0.35293,                0.54963,                0.56108,                0.50757,                0.30669,                 1.0564,                 1.9434,                 1.0121,                 1.0711,               0.007393,               0.007393,               0.007393
                    397,                  1.125,                 2.1073,                 1.1279,                 1.1028,                0.54964,                0.56891,                  0.517,                0.35296,                0.55012,                0.56105,                0.50742,                0.30643,                 1.0562,                 1.9433,                  1.012,                 1.0709,              0.0073864,              0.0073864,              0.0073864
                    398,                  1.128,                 2.1057,                 1.1256,                 1.1021,                0.54797,                0.57135,                0.51736,                0.35303,                 0.5501,                0.56007,                0.50759,                0.30648,                 1.0561,                 1.9433,                 1.0119,                 1.0709,              0.0073798,              0.0073798,              0.0073798
                    399,                  1.126,                 2.1075,                 1.1251,                 1.1012,                0.54995,                0.56934,                0.51727,                0.35307,                0.55016,                0.56156,                0.50755,                0.30646,                 1.0561,                 1.9435,                 1.0119,                 1.0708,              0.0073732,              0.0073732,              0.0073732
                    400,                 1.1276,                 2.1033,                 1.1229,                 1.1018,                0.55033,                0.56969,                0.51724,                0.35312,                0.55085,                0.56115,                 0.5074,                0.30639,                 1.0561,                 1.9438,                 1.0118,                 1.0708,              0.0073666,              0.0073666,              0.0073666
                    401,                 1.1291,                 2.1156,                 1.1277,                 1.1018,                0.55009,                0.56952,                0.51723,                0.35297,                0.55013,                0.56184,                0.50711,                 0.3063,                 1.0561,                 1.9437,                 1.0118,                 1.0707,                0.00736,                0.00736,                0.00736
                    402,                 1.1278,                 2.1076,                 1.1229,                 1.1016,                0.55058,                0.56937,                 0.5172,                0.35294,                0.55137,                0.56106,                0.50699,                0.30639,                 1.0561,                 1.9438,                 1.0117,                 1.0708,              0.0073534,              0.0073534,              0.0073534
                    403,                 1.1267,                 2.1046,                  1.122,                 1.1019,                0.55033,                0.56948,                0.51704,                0.35292,                0.55077,                0.56085,                0.50702,                 0.3063,                 1.0561,                 1.9439,                 1.0117,                 1.0708,              0.0073468,              0.0073468,              0.0073468
                    404,                  1.127,                 2.1075,                 1.1248,                 1.1021,                0.55011,                0.56898,                0.51691,                0.35282,                0.55206,                0.55971,                0.50707,                0.30633,                 1.0561,                 1.9439,                 1.0117,                 1.0708,              0.0073402,              0.0073402,              0.0073402
                    405,                 1.1279,                 2.1082,                 1.1269,                 1.1026,                0.54896,                0.56998,                0.51699,                0.35273,                0.55104,                0.55976,                0.50713,                0.30632,                  1.056,                 1.9437,                 1.0117,                 1.0707,              0.0073336,              0.0073336,              0.0073336
                    406,                 1.1296,                 2.1084,                 1.1256,                 1.1019,                0.54972,                0.56946,                0.51707,                0.35286,                0.55081,                0.56004,                0.50722,                0.30642,                 1.0559,                 1.9433,                 1.0115,                 1.0707,               0.007327,               0.007327,               0.007327
                    407,                 1.1259,                 2.1025,                 1.1253,                 1.1013,                0.54958,                0.57002,                0.51711,                0.35293,                0.55366,                0.55818,                 0.5072,                0.30631,                  1.056,                 1.9435,                 1.0116,                 1.0707,              0.0073204,              0.0073204,              0.0073204
                    408,                 1.1276,                 2.1075,                 1.1248,                  1.101,                0.54998,                0.57001,                0.51713,                0.35304,                 0.5521,                0.55931,                0.50716,                0.30627,                 1.0558,                 1.9436,                 1.0116,                 1.0706,              0.0073138,              0.0073138,              0.0073138
                    409,                 1.1242,                 2.1025,                 1.1202,                 1.1012,                0.54946,                0.57003,                0.51738,                0.35297,                0.55257,                0.55821,                0.50711,                0.30644,                 1.0559,                 1.9435,                 1.0114,                 1.0705,              0.0073072,              0.0073072,              0.0073072
                    410,                 1.1234,                 2.0978,                  1.121,                 1.0995,                0.55097,                0.56908,                0.51742,                0.35307,                0.55028,                0.55949,                0.50718,                0.30649,                 1.0559,                 1.9435,                 1.0113,                 1.0705,              0.0073006,              0.0073006,              0.0073006
                    411,                 1.1214,                 2.1022,                  1.128,                  1.102,                0.54932,                0.56983,                0.51739,                0.35316,                0.55075,                0.55907,                0.50725,                0.30676,                 1.0557,                 1.9434,                 1.0111,                 1.0705,               0.007294,               0.007294,               0.007294
                    412,                 1.1289,                 2.1078,                 1.1269,                 1.1021,                0.54993,                0.56958,                0.51747,                0.35326,                0.55069,                0.55925,                0.50736,                0.30675,                 1.0555,                 1.9433,                 1.0109,                 1.0703,              0.0072874,              0.0072874,              0.0072874
                    413,                  1.131,                 2.1125,                 1.1284,                 1.1035,                0.55012,                0.56939,                0.51749,                0.35328,                 0.5517,                0.55901,                0.50771,                0.30691,                 1.0555,                 1.9434,                 1.0108,                 1.0703,              0.0072808,              0.0072808,              0.0072808
                    414,                 1.1232,                 2.0977,                 1.1192,                 1.0987,                0.55132,                0.56849,                0.51766,                0.35343,                0.55159,                0.55953,                0.50785,                0.30703,                 1.0555,                 1.9433,                 1.0107,                 1.0703,              0.0072742,              0.0072742,              0.0072742
                    415,                 1.1227,                 2.0995,                 1.1232,                 1.1018,                0.54905,                0.56975,                0.51753,                0.35338,                0.55054,                0.55977,                0.50773,                0.30699,                 1.0554,                 1.9432,                 1.0106,                 1.0703,              0.0072676,              0.0072676,              0.0072676
                    416,                 1.1236,                 2.0972,                 1.1206,                 1.1003,                0.54914,                0.57006,                0.51741,                0.35345,                0.55325,                0.55893,                0.50763,                0.30689,                 1.0554,                  1.943,                 1.0106,                 1.0703,               0.007261,               0.007261,               0.007261
                    417,                 1.1242,                 2.0989,                 1.1223,                 1.1011,                0.54974,                 0.5698,                0.51761,                0.35352,                0.55106,                0.56034,                0.50795,                0.30711,                 1.0554,                 1.9428,                 1.0105,                 1.0702,              0.0072544,              0.0072544,              0.0072544
                    418,                 1.1214,                 2.1002,                 1.1234,                 1.1009,                0.54949,                0.57034,                0.51743,                0.35347,                0.55067,                0.56069,                 0.5081,                0.30701,                 1.0556,                  1.943,                 1.0106,                 1.0702,              0.0072478,              0.0072478,              0.0072478
                    419,                 1.1263,                 2.1054,                 1.1234,                 1.1014,                0.54975,                0.57055,                0.51731,                0.35342,                0.55036,                0.56064,                0.50798,                0.30691,                 1.0556,                 1.9431,                 1.0106,                 1.0702,              0.0072412,              0.0072412,              0.0072412
                    420,                 1.1236,                 2.0993,                 1.1214,                 1.1007,                0.55101,                0.56945,                0.51731,                0.35343,                0.55124,                0.56032,                0.50791,                0.30689,                 1.0556,                 1.9431,                 1.0106,                 1.0702,              0.0072346,              0.0072346,              0.0072346
                    421,                 1.1273,                 2.1087,                 1.1215,                 1.1002,                 0.5504,                0.56912,                0.51694,                0.35325,                 0.5512,                0.55979,                 0.5076,                0.30676,                 1.0555,                 1.9429,                 1.0105,                 1.0702,               0.007228,               0.007228,               0.007228
                    422,                 1.1247,                 2.1006,                 1.1214,                 1.1008,                 0.5515,                0.56856,                0.51709,                0.35325,                0.55115,                0.56022,                0.50778,                0.30686,                 1.0556,                 1.9429,                 1.0105,                 1.0702,              0.0072214,              0.0072214,              0.0072214
                    423,                 1.1213,                 2.0912,                 1.1184,                 1.1001,                0.55039,                0.56984,                0.51702,                0.35335,                0.55052,                0.56117,                0.50773,                0.30697,                 1.0554,                 1.9428,                 1.0104,                 1.0701,              0.0072148,              0.0072148,              0.0072148
                    424,                 1.1248,                 2.0992,                 1.1215,                 1.1014,                0.54967,                0.57148,                0.51724,                0.35332,                0.55093,                0.56099,                0.50793,                0.30685,                 1.0553,                 1.9428,                 1.0103,                   1.07,              0.0072082,              0.0072082,              0.0072082
                    425,                 1.1242,                 2.1001,                 1.1239,                 1.1029,                 0.5503,                0.57081,                0.51739,                0.35344,                0.55153,                 0.5609,                0.50798,                0.30685,                 1.0551,                 1.9427,                 1.0103,                   1.07,              0.0072016,              0.0072016,              0.0072016
                    426,                 1.1248,                 2.1079,                 1.1232,                 1.1007,                0.55064,                0.57161,                0.51734,                0.35353,                0.55164,                0.56111,                0.50814,                0.30701,                 1.0549,                 1.9429,                 1.0102,                 1.0698,               0.007195,               0.007195,               0.007195
                    427,                 1.1217,                 2.0978,                 1.1223,                 1.1004,                 0.5516,                0.56975,                0.51745,                0.35339,                0.55288,                0.56101,                0.50826,                0.30703,                 1.0549,                 1.9427,                   1.01,                 1.0698,              0.0071884,              0.0071884,              0.0071884
                    428,                 1.1271,                 2.1057,                 1.1237,                 1.1009,                0.55157,                 0.5701,                0.51731,                 0.3534,                0.55258,                0.56179,                0.50802,                0.30701,                 1.0549,                 1.9427,                   1.01,                 1.0698,              0.0071818,              0.0071818,              0.0071818
                    429,                 1.1247,                 2.0975,                 1.1182,                 1.0989,                0.55149,                0.57024,                0.51755,                0.35364,                0.55191,                0.56187,                0.50804,                 0.3071,                 1.0549,                 1.9426,                 1.0098,                 1.0698,              0.0071752,              0.0071752,              0.0071752
                    430,                 1.1237,                 2.1028,                 1.1226,                 1.1019,                0.55164,                0.56995,                0.51766,                0.35379,                0.55272,                0.56139,                0.50798,                0.30727,                 1.0549,                 1.9427,                 1.0097,                 1.0698,              0.0071686,              0.0071686,              0.0071686
                    431,                 1.1245,                 2.1013,                 1.1172,                 1.1003,                0.55159,                0.57004,                0.51756,                0.35373,                0.55293,                0.56173,                0.50825,                0.30738,                 1.0549,                 1.9427,                 1.0096,                 1.0699,               0.007162,               0.007162,               0.007162
                    432,                 1.1246,                 2.1002,                  1.119,                 1.0999,                0.55132,                0.57168,                0.51766,                0.35373,                0.55316,                0.56234,                0.50827,                0.30734,                 1.0549,                 1.9426,                 1.0096,                 1.0699,              0.0071554,              0.0071554,              0.0071554
                    433,                 1.1249,                 2.1044,                 1.1245,                 1.1008,                0.55151,                0.57216,                0.51781,                0.35385,                0.55229,                0.56353,                0.50847,                0.30753,                 1.0548,                 1.9425,                 1.0098,                 1.0698,              0.0071488,              0.0071488,              0.0071488
                    434,                 1.1236,                 2.1012,                 1.1252,                 1.1014,                0.55142,                0.57198,                0.51796,                0.35401,                0.55409,                0.56234,                0.50871,                0.30781,                 1.0547,                 1.9426,                 1.0097,                 1.0697,              0.0071422,              0.0071422,              0.0071422
                    435,                 1.1231,                 2.1014,                 1.1189,                 1.0979,                 0.5516,                0.57138,                0.51801,                0.35411,                0.55406,                0.56194,                0.50852,                 0.3076,                 1.0545,                 1.9425,                 1.0096,                 1.0696,              0.0071356,              0.0071356,              0.0071356
                    436,                 1.1242,                 2.1047,                 1.1264,                 1.1014,                 0.5529,                0.56949,                0.51808,                0.35405,                0.55356,                0.56136,                0.50852,                0.30767,                 1.0545,                 1.9426,                 1.0094,                 1.0697,               0.007129,               0.007129,               0.007129
                    437,                 1.1226,                 2.1003,                 1.1189,                 1.0996,                0.55199,                0.57023,                0.51813,                  0.354,                0.55369,                0.56128,                0.50857,                 0.3077,                 1.0545,                 1.9425,                 1.0093,                 1.0696,              0.0071224,              0.0071224,              0.0071224
                    438,                  1.124,                 2.1023,                 1.1219,                 1.1013,                0.55164,                0.56982,                0.51795,                 0.3539,                0.55339,                0.56117,                0.50829,                0.30745,                 1.0544,                 1.9423,                 1.0092,                 1.0695,              0.0071158,              0.0071158,              0.0071158
                    439,                  1.127,                 2.1078,                 1.1234,                 1.1016,                0.55245,                0.56936,                0.51788,                0.35382,                0.55256,                0.56136,                0.50836,                0.30733,                 1.0544,                 1.9425,                 1.0091,                 1.0695,              0.0071092,              0.0071092,              0.0071092
                    440,                  1.123,                 2.0992,                 1.1205,                 1.0985,                0.55071,                0.57081,                0.51809,                0.35383,                0.55242,                0.56114,                0.50838,                0.30739,                 1.0545,                 1.9421,                 1.0091,                 1.0695,              0.0071026,              0.0071026,              0.0071026
                    441,                 1.1229,                 2.1037,                 1.1224,                 1.1002,                0.55164,                0.56963,                0.51805,                0.35385,                0.55195,                 0.5616,                0.50843,                0.30743,                 1.0546,                 1.9423,                  1.009,                 1.0696,               0.007096,               0.007096,               0.007096
                    442,                 1.1286,                 2.1099,                  1.125,                 1.1023,                0.55114,                0.56921,                0.51794,                0.35394,                0.55161,                0.56137,                0.50842,                 0.3074,                 1.0549,                 1.9422,                  1.009,                 1.0697,              0.0070894,              0.0070894,              0.0070894
                    443,                 1.1262,                 2.1005,                 1.1225,                 1.1028,                 0.5504,                0.57062,                0.51793,                0.35386,                0.55273,                0.56157,                0.50854,                0.30746,                 1.0549,                 1.9422,                  1.009,                 1.0696,              0.0070828,              0.0070828,              0.0070828
                    444,                 1.1274,                 2.1056,                 1.1255,                 1.1007,                0.55094,                0.57096,                  0.518,                0.35383,                0.55241,                0.56123,                0.50828,                0.30735,                 1.0549,                 1.9418,                 1.0089,                 1.0696,              0.0070762,              0.0070762,              0.0070762
                    445,                 1.1221,                 2.1005,                   1.12,                 1.1003,                0.55029,                0.57115,                0.51817,                0.35398,                0.55098,                0.56267,                0.50833,                0.30744,                  1.055,                 1.9418,                 1.0089,                 1.0698,              0.0070696,              0.0070696,              0.0070696
                    446,                 1.1239,                 2.0956,                 1.1228,                 1.1016,                0.55028,                0.57129,                0.51828,                0.35401,                0.55099,                0.56308,                0.50864,                0.30767,                  1.055,                 1.9419,                 1.0089,                 1.0698,               0.007063,               0.007063,               0.007063
                    447,                 1.1233,                 2.0965,                 1.1233,                 1.1002,                0.55029,                0.57121,                0.51852,                0.35404,                0.55143,                0.56305,                0.50894,                0.30768,                  1.055,                 1.9418,                  1.009,                 1.0697,              0.0070564,              0.0070564,              0.0070564
                    448,                 1.1223,                 2.0982,                 1.1198,                 1.0991,                0.54971,                0.57096,                0.51835,                0.35412,                0.55064,                0.56298,                0.50891,                0.30772,                  1.055,                 1.9419,                 1.0091,                 1.0697,              0.0070498,              0.0070498,              0.0070498
                    449,                 1.1219,                 2.0974,                 1.1217,                 1.1014,                 0.5501,                0.57087,                0.51851,                0.35424,                0.55069,                0.56238,                0.50878,                0.30776,                 1.0551,                 1.9418,                  1.009,                 1.0698,              0.0070432,              0.0070432,              0.0070432
                    450,                 1.1278,                 2.1046,                 1.1207,                 1.1001,                0.54992,                0.57225,                0.51857,                 0.3541,                0.55143,                0.56267,                0.50902,                0.30775,                 1.0552,                 1.9418,                 1.0091,                 1.0698,              0.0070366,              0.0070366,              0.0070366
                    451,                 1.1279,                  2.108,                 1.1206,                 1.1008,                0.55138,                0.57115,                0.51855,                0.35422,                  0.552,                0.56276,                0.50887,                 0.3077,                 1.0551,                  1.942,                  1.009,                 1.0698,                0.00703,                0.00703,                0.00703
                    452,                 1.1221,                 2.0958,                 1.1173,                 1.0985,                0.54945,                0.57347,                0.51827,                0.35408,                0.55211,                0.56276,                0.50861,                0.30742,                 1.0549,                 1.9418,                  1.009,                 1.0696,              0.0070234,              0.0070234,              0.0070234
                    453,                 1.1241,                 2.1029,                 1.1209,                    1.1,                0.55142,                0.57094,                0.51838,                 0.3541,                0.55255,                 0.5626,                0.50861,                0.30746,                  1.055,                  1.942,                 1.0088,                 1.0697,              0.0070168,              0.0070168,              0.0070168
                    454,                 1.1259,                 2.1025,                 1.1222,                  1.101,                0.55041,                0.57249,                0.51832,                0.35393,                0.55171,                0.56258,                0.50844,                0.30728,                 1.0552,                 1.9418,                 1.0089,                 1.0697,              0.0070102,              0.0070102,              0.0070102
                    455,                 1.1258,                 2.1037,                 1.1199,                 1.1006,                0.55128,                0.57127,                0.51816,                0.35395,                0.55126,                0.56243,                0.50812,                0.30722,                 1.0553,                 1.9419,                 1.0088,                 1.0697,              0.0070036,              0.0070036,              0.0070036
                    456,                  1.123,                 2.0953,                 1.1199,                 1.0996,                0.55077,                0.57241,                0.51827,                0.35402,                 0.5514,                0.56232,                0.50812,                0.30731,                 1.0552,                 1.9415,                 1.0087,                 1.0697,               0.006997,               0.006997,               0.006997
                    457,                  1.122,                 2.0939,                 1.1163,                    1.1,                 0.5492,                0.57347,                0.51832,                0.35399,                0.55037,                0.56353,                0.50843,                0.30737,                 1.0553,                 1.9416,                 1.0087,                 1.0697,              0.0069904,              0.0069904,              0.0069904
                    458,                 1.1226,                 2.0961,                 1.1209,                 1.0995,                0.54922,                0.57242,                0.51841,                0.35401,                0.55028,                 0.5623,                0.50826,                0.30738,                 1.0551,                 1.9415,                 1.0086,                 1.0696,              0.0069838,              0.0069838,              0.0069838
                    459,                 1.1266,                 2.1059,                  1.121,                 1.0995,                0.55012,                0.57125,                0.51847,                0.35402,                 0.5515,                0.56127,                0.50823,                0.30744,                 1.0549,                 1.9411,                 1.0085,                 1.0695,              0.0069772,              0.0069772,              0.0069772
                    460,                  1.122,                 2.0968,                 1.1186,                 1.1004,                0.55064,                0.57081,                0.51846,                0.35401,                0.55089,                0.56204,                0.50824,                 0.3074,                 1.0549,                 1.9411,                 1.0086,                 1.0695,              0.0069706,              0.0069706,              0.0069706
                    461,                 1.1227,                 2.0943,                 1.1171,                 1.0999,                0.55165,                0.57114,                0.51854,                0.35407,                0.55171,                0.56215,                0.50849,                0.30747,                 1.0548,                  1.941,                 1.0085,                 1.0694,               0.006964,               0.006964,               0.006964
                    462,                 1.1266,                 2.1056,                 1.1238,                 1.1008,                0.54931,                 0.5729,                0.51851,                0.35393,                0.55173,                0.56285,                0.50846,                0.30736,                 1.0546,                 1.9408,                 1.0085,                 1.0692,              0.0069574,              0.0069574,              0.0069574
                    463,                 1.1228,                 2.0941,                  1.117,                 1.0974,                0.55058,                0.57209,                 0.5185,                0.35405,                0.55019,                0.56426,                0.50848,                0.30736,                 1.0544,                 1.9407,                 1.0085,                 1.0692,              0.0069508,              0.0069508,              0.0069508
                    464,                 1.1237,                 2.0993,                 1.1198,                    1.1,                0.55241,                0.57079,                0.51839,                0.35394,                0.55168,                0.56263,                 0.5086,                0.30741,                 1.0545,                 1.9405,                 1.0084,                 1.0691,              0.0069442,              0.0069442,              0.0069442
                    465,                 1.1228,                 2.0979,                 1.1191,                 1.0988,                0.55132,                0.57101,                0.51848,                0.35401,                0.55236,                0.56194,                0.50872,                0.30752,                 1.0544,                 1.9405,                 1.0083,                 1.0692,              0.0069376,              0.0069376,              0.0069376
                    466,                 1.1232,                 2.0944,                 1.1139,                 1.0993,                0.55088,                0.57116,                0.51862,                0.35419,                0.55172,                0.56183,                0.50877,                0.30763,                 1.0543,                 1.9405,                 1.0083,                 1.0691,               0.006931,               0.006931,               0.006931
                    467,                 1.1227,                 2.0962,                 1.1196,                 1.0993,                0.55022,                0.57168,                0.51856,                0.35404,                0.55152,                0.56154,                0.50859,                0.30759,                  1.054,                 1.9402,                 1.0082,                  1.069,              0.0069244,              0.0069244,              0.0069244
                    468,                 1.1262,                 2.0982,                 1.1203,                 1.1016,                0.55026,                 0.5718,                0.51852,                 0.3542,                0.55187,                 0.5617,                 0.5085,                0.30763,                 1.0539,                 1.9401,                 1.0081,                  1.069,              0.0069178,              0.0069178,              0.0069178
                    469,                  1.124,                 2.1024,                 1.1244,                 1.1013,                0.54989,                0.57143,                0.51868,                0.35417,                0.55339,                0.56079,                0.50867,                 0.3077,                 1.0537,                 1.9401,                 1.0081,                 1.0689,              0.0069112,              0.0069112,              0.0069112
                    470,                 1.1217,                 2.0955,                 1.1184,                 1.0987,                0.55009,                0.57189,                0.51882,                0.35422,                 0.5525,                 0.5621,                0.50872,                 0.3078,                 1.0538,                 1.9401,                 1.0079,                  1.069,              0.0069046,              0.0069046,              0.0069046
                    471,                 1.1208,                 2.0937,                 1.1195,                    1.1,                0.54996,                 0.5733,                0.51887,                0.35443,                0.55123,                0.56266,                0.50884,                 0.3079,                 1.0536,                 1.9403,                 1.0078,                  1.069,               0.006898,               0.006898,               0.006898
                    472,                 1.1263,                 2.1065,                 1.1212,                 1.1002,                0.55163,                0.57205,                0.51869,                0.35429,                0.55189,                0.56292,                0.50876,                0.30779,                 1.0537,                 1.9401,                 1.0077,                  1.069,              0.0068914,              0.0068914,              0.0068914
                    473,                  1.119,                 2.0947,                 1.1203,                 1.0986,                0.55048,                0.57332,                0.51893,                0.35431,                0.55254,                0.56345,                0.50902,                0.30787,                 1.0537,                 1.9399,                 1.0077,                  1.069,              0.0068848,              0.0068848,              0.0068848
                    474,                 1.1233,                 2.0981,                 1.1161,                 1.0991,                0.55111,                0.57203,                0.51893,                 0.3543,                0.55288,                0.56199,                  0.509,                0.30794,                 1.0536,                 1.9397,                 1.0076,                  1.069,              0.0068782,              0.0068782,              0.0068782
                    475,                  1.123,                 2.0973,                 1.1155,                 1.0996,                 0.5513,                0.57191,                0.51903,                0.35434,                0.55244,                0.56175,                0.50898,                0.30785,                 1.0538,                 1.9396,                 1.0075,                  1.069,              0.0068716,              0.0068716,              0.0068716
                    476,                 1.1254,                 2.1015,                 1.1211,                 1.0996,                0.55147,                0.57198,                0.51925,                0.35434,                0.55358,                0.56139,                0.50891,                0.30778,                 1.0538,                 1.9395,                 1.0075,                  1.069,               0.006865,               0.006865,               0.006865
                    477,                 1.1222,                 2.0959,                 1.1164,                 1.0997,                0.55215,                0.57181,                0.51916,                0.35432,                0.55385,                0.56232,                0.50907,                0.30777,                 1.0537,                 1.9395,                 1.0073,                 1.0689,              0.0068584,              0.0068584,              0.0068584
                    478,                 1.1218,                 2.0935,                 1.1136,                    1.1,                0.55334,                0.57133,                 0.5191,                0.35437,                 0.5543,                0.56222,                0.50887,                0.30783,                 1.0536,                 1.9396,                 1.0073,                 1.0689,              0.0068518,              0.0068518,              0.0068518
                    479,                 1.1268,                 2.1067,                 1.1221,                 1.1018,                0.55277,                0.57135,                0.51905,                0.35422,                0.55401,                0.56238,                0.50894,                0.30793,                 1.0537,                 1.9397,                 1.0073,                 1.0688,              0.0068452,              0.0068452,              0.0068452
                    480,                 1.1231,                 2.0987,                 1.1186,                 1.0992,                 0.5537,                0.57001,                0.51917,                0.35432,                0.55392,                 0.5622,                0.50901,                0.30802,                 1.0536,                 1.9397,                 1.0072,                 1.0688,              0.0068386,              0.0068386,              0.0068386
                    481,                 1.1204,                 2.0926,                 1.1151,                 1.0974,                0.55369,                0.57027,                0.51907,                0.35432,                0.55386,                0.56182,                0.50917,                0.30805,                 1.0537,                 1.9394,                 1.0072,                 1.0687,               0.006832,               0.006832,               0.006832
                    482,                 1.1178,                 2.0896,                 1.1151,                 1.0967,                0.55212,                 0.5708,                0.51903,                0.35435,                0.55429,                0.56149,                  0.509,                0.30803,                 1.0538,                 1.9394,                 1.0071,                 1.0688,              0.0068254,              0.0068254,              0.0068254
                    483,                 1.1249,                 2.1021,                 1.1194,                 1.0997,                0.55276,                0.56986,                0.51889,                0.35432,                0.55343,                0.56194,                  0.509,                0.30799,                 1.0539,                 1.9393,                 1.0071,                 1.0688,              0.0068188,              0.0068188,              0.0068188
                    484,                 1.1243,                 2.1016,                 1.1221,                 1.0997,                 0.5533,                0.56978,                0.51887,                0.35431,                0.55348,                0.56217,                0.50907,                0.30807,                 1.0538,                 1.9391,                 1.0071,                 1.0688,              0.0068122,              0.0068122,              0.0068122
                    485,                 1.1271,                 2.1039,                 1.1228,                  1.101,                0.55193,                0.57076,                0.51889,                0.35435,                0.55348,                0.56146,                0.50881,                0.30795,                  1.054,                 1.9393,                  1.007,                 1.0688,              0.0068056,              0.0068056,              0.0068056
                    486,                 1.1222,                 2.0948,                 1.1157,                 1.0995,                0.55217,                0.57125,                0.51891,                0.35431,                0.55324,                0.56109,                0.50864,                 0.3079,                  1.054,                 1.9391,                 1.0071,                 1.0688,               0.006799,               0.006799,               0.006799
                    487,                 1.1192,                 2.0949,                 1.1169,                 1.0992,                0.55245,                0.57132,                0.51876,                0.35428,                 0.5536,                0.56106,                0.50861,                0.30782,                  1.054,                 1.9392,                 1.0071,                 1.0688,              0.0067924,              0.0067924,              0.0067924
                    488,                 1.1243,                 2.1037,                 1.1221,                 1.0984,                0.55223,                0.57153,                0.51869,                0.35435,                0.55345,                0.56148,                0.50871,                0.30791,                 1.0541,                 1.9393,                 1.0071,                 1.0689,              0.0067858,              0.0067858,              0.0067858
                    489,                 1.1207,                 2.0962,                 1.1197,                 1.0997,                0.55185,                0.57169,                0.51869,                 0.3543,                0.55149,                0.56245,                0.50876,                0.30787,                  1.054,                 1.9391,                  1.007,                 1.0689,              0.0067792,              0.0067792,              0.0067792
                    490,                  1.122,                 2.0991,                 1.1192,                  1.098,                0.55151,                0.57171,                0.51876,                 0.3544,                0.55179,                0.56277,                0.50887,                0.30785,                  1.054,                  1.939,                  1.007,                 1.0689,              0.0067726,              0.0067726,              0.0067726
                    491,                 1.1231,                  2.097,                 1.1183,                 1.0999,                0.55191,                0.57184,                0.51888,                0.35443,                0.55105,                0.56369,                0.50895,                0.30776,                 1.0541,                 1.9392,                  1.007,                 1.0689,               0.006766,               0.006766,               0.006766
                    492,                 1.1228,                  2.097,                 1.1171,                 1.0987,                0.55155,                0.57195,                0.51884,                0.35448,                0.55155,                0.56428,                 0.5092,                 0.3079,                  1.054,                  1.939,                 1.0069,                 1.0689,              0.0067594,              0.0067594,              0.0067594
                    493,                 1.1226,                 2.1025,                  1.118,                 1.0991,                0.55256,                0.57211,                0.51905,                0.35449,                 0.5512,                0.56549,                0.50939,                0.30794,                 1.0541,                 1.9388,                 1.0068,                 1.0689,              0.0067528,              0.0067528,              0.0067528
                    494,                 1.1253,                 2.0987,                 1.1187,                 1.0995,                0.55248,                0.57194,                0.51907,                 0.3545,                0.55158,                0.56564,                0.50921,                0.30789,                 1.0539,                 1.9387,                 1.0068,                 1.0688,              0.0067462,              0.0067462,              0.0067462
                    495,                 1.1231,                 2.0993,                 1.1177,                 1.0987,                0.55234,                0.57226,                0.51923,                0.35463,                0.55291,                0.56508,                 0.5092,                0.30816,                 1.0539,                 1.9387,                 1.0067,                 1.0688,              0.0067396,              0.0067396,              0.0067396
                    496,                 1.1237,                 2.1016,                 1.1165,                 1.0994,                0.55259,                0.57235,                 0.5195,                0.35482,                0.55236,                0.56468,                0.50939,                0.30845,                 1.0536,                 1.9389,                 1.0066,                 1.0688,               0.006733,               0.006733,               0.006733
                    497,                 1.1213,                 2.0918,                  1.111,                 1.0963,                0.55083,                0.57334,                0.51937,                0.35485,                0.55116,                0.56562,                0.50937,                0.30837,                 1.0536,                  1.939,                 1.0065,                 1.0687,              0.0067264,              0.0067264,              0.0067264
                    498,                 1.1244,                 2.1001,                 1.1148,                  1.097,                0.54982,                0.57282,                0.51912,                0.35481,                0.55181,                0.56405,                0.50917,                0.30823,                 1.0538,                 1.9389,                 1.0065,                 1.0687,              0.0067198,              0.0067198,              0.0067198
                    499,                 1.1246,                 2.0998,                  1.118,                 1.0977,                0.55062,                0.57134,                0.51928,                0.35491,                0.55215,                0.56334,                0.50925,                0.30832,                 1.0539,                 1.9389,                 1.0064,                 1.0688,              0.0067132,              0.0067132,              0.0067132
                    500,                 1.1225,                 2.0956,                 1.1125,                 1.0985,                 0.5493,                0.57238,                0.51928,                0.35486,                0.55198,                0.56341,                0.50929,                0.30826,                 1.0541,                 1.9388,                 1.0064,                 1.0688,              0.0067066,              0.0067066,              0.0067066
                    501,                 1.1209,                 2.0924,                 1.1144,                 1.0977,                0.54884,                0.57333,                0.51919,                0.35482,                0.54961,                0.56483,                0.50919,                0.30824,                 1.0541,                 1.9389,                 1.0064,                 1.0688,                 0.0067,                 0.0067,                 0.0067
                    502,                 1.1195,                 2.0894,                 1.1181,                  1.099,                0.54989,                0.57233,                0.51936,                0.35503,                0.55029,                0.56483,                0.50926,                 0.3084,                 1.0541,                 1.9391,                 1.0063,                 1.0689,              0.0066934,              0.0066934,              0.0066934
                    503,                 1.1225,                 2.0965,                 1.1172,                 1.0995,                0.55193,                0.57166,                0.51936,                0.35493,                 0.5528,                0.56317,                0.50925,                0.30847,                 1.0542,                 1.9391,                 1.0063,                 1.0689,              0.0066868,              0.0066868,              0.0066868
                    504,                 1.1223,                 2.0983,                 1.1171,                 1.0999,                0.55154,                0.57152,                0.51948,                0.35507,                0.55287,                0.56325,                0.50932,                0.30849,                 1.0545,                 1.9392,                 1.0063,                  1.069,              0.0066802,              0.0066802,              0.0066802
                    505,                 1.1163,                  2.087,                 1.1115,                 1.0958,                 0.5513,                0.57162,                0.51953,                0.35512,                0.55351,                0.56244,                0.50948,                0.30849,                 1.0545,                 1.9391,                 1.0063,                  1.069,              0.0066736,              0.0066736,              0.0066736
                    506,                 1.1214,                 2.0972,                 1.1154,                 1.0999,                0.55084,                0.57154,                 0.5194,                0.35527,                0.55316,                0.56233,                0.50947,                0.30858,                 1.0543,                  1.939,                 1.0062,                 1.0689,               0.006667,               0.006667,               0.006667
                    507,                 1.1227,                 2.1005,                 1.1183,                 1.0992,                0.55107,                0.57141,                0.51937,                0.35519,                0.55282,                 0.5624,                0.50953,                0.30856,                 1.0544,                  1.939,                 1.0061,                  1.069,              0.0066604,              0.0066604,              0.0066604
                    508,                  1.119,                 2.0912,                 1.1123,                 1.0982,                0.55185,                0.57178,                0.51939,                0.35524,                0.55335,                0.56217,                0.50957,                0.30851,                 1.0543,                 1.9393,                  1.006,                 1.0689,              0.0066538,              0.0066538,              0.0066538
                    509,                 1.1222,                 2.0932,                 1.1138,                 1.0986,                0.55054,                0.57148,                0.51921,                0.35515,                0.55168,                0.56335,                0.50955,                0.30855,                  1.054,                 1.9392,                 1.0059,                 1.0688,              0.0066472,              0.0066472,              0.0066472
                    510,                 1.1221,                 2.0953,                 1.1134,                 1.0978,                0.55104,                0.57206,                0.51929,                 0.3551,                0.55139,                0.56382,                0.50937,                0.30846,                 1.0539,                 1.9392,                 1.0058,                 1.0688,              0.0066406,              0.0066406,              0.0066406
                    511,                 1.1202,                 2.0915,                 1.1119,                 1.0976,                0.55079,                0.57296,                0.51924,                0.35515,                0.55298,                0.56344,                0.50961,                0.30858,                 1.0539,                 1.9391,                 1.0058,                 1.0688,               0.006634,               0.006634,               0.006634
                    512,                 1.1234,                 2.0991,                 1.1186,                 1.0985,                0.55088,                0.57317,                0.51922,                0.35525,                0.55317,                0.56296,                0.50951,                0.30856,                 1.0539,                 1.9389,                 1.0057,                 1.0687,              0.0066274,              0.0066274,              0.0066274
                    513,                 1.1228,                 2.0985,                 1.1161,                 1.0987,                 0.5513,                0.57292,                0.51912,                0.35514,                0.55258,                0.56317,                0.50947,                0.30855,                 1.0539,                 1.9388,                 1.0057,                 1.0688,              0.0066208,              0.0066208,              0.0066208
                    514,                 1.1185,                 2.0915,                 1.1143,                 1.0981,                0.55169,                0.57238,                0.51924,                0.35524,                0.55176,                 0.5644,                0.50964,                0.30858,                 1.0541,                 1.9389,                 1.0055,                 1.0688,              0.0066142,              0.0066142,              0.0066142
                    515,                  1.119,                 2.0936,                 1.1142,                 1.0972,                0.55205,                0.57272,                0.51936,                0.35527,                0.55298,                0.56331,                0.50952,                 0.3086,                 1.0539,                 1.9389,                 1.0055,                 1.0687,              0.0066076,              0.0066076,              0.0066076
                    516,                 1.1182,                 2.0886,                  1.112,                 1.0977,                0.55153,                0.57278,                0.51923,                0.35506,                0.55177,                0.56424,                 0.5094,                0.30852,                  1.054,                 1.9388,                 1.0056,                 1.0687,               0.006601,               0.006601,               0.006601
                    517,                 1.1246,                 2.0977,                  1.119,                 1.0984,                0.55248,                0.57318,                0.51924,                0.35523,                0.55176,                0.56431,                0.50953,                0.30844,                 1.0541,                 1.9387,                 1.0055,                 1.0687,              0.0065944,              0.0065944,              0.0065944
                    518,                 1.1219,                 2.0982,                 1.1155,                 1.0975,                0.55188,                0.57343,                0.51937,                0.35522,                 0.5526,                0.56328,                0.50943,                0.30842,                 1.0541,                 1.9386,                 1.0054,                 1.0686,              0.0065878,              0.0065878,              0.0065878
                    519,                 1.1185,                 2.0914,                 1.1148,                 1.0984,                0.55126,                0.57339,                0.51929,                0.35517,                0.55294,                0.56393,                0.50957,                0.30833,                 1.0542,                 1.9385,                 1.0055,                 1.0687,              0.0065812,              0.0065812,              0.0065812
                    520,                 1.1185,                 2.0932,                 1.1157,                 1.0979,                0.55116,                0.57337,                0.51944,                0.35506,                0.55224,                 0.5652,                0.50974,                0.30854,                  1.054,                 1.9383,                 1.0054,                 1.0686,              0.0065746,              0.0065746,              0.0065746
                    521,                 1.1176,                  2.096,                 1.1135,                 1.0971,                0.55209,                0.57363,                0.51945,                0.35515,                 0.5529,                0.56536,                0.50977,                0.30858,                 1.0541,                 1.9381,                 1.0054,                 1.0686,               0.006568,               0.006568,               0.006568
                    522,                 1.1214,                 2.0971,                 1.1121,                 1.0978,                0.55222,                0.57314,                0.51933,                0.35523,                0.55303,                0.56499,                0.50989,                0.30865,                 1.0539,                  1.938,                 1.0055,                 1.0687,              0.0065614,              0.0065614,              0.0065614
                    523,                 1.1239,                    2.1,                 1.1175,                 1.0997,                0.55206,                0.57307,                0.51938,                0.35528,                0.55304,                0.56482,                0.50984,                0.30861,                 1.0538,                 1.9378,                 1.0054,                 1.0685,              0.0065548,              0.0065548,              0.0065548
                    524,                 1.1161,                 2.0834,                 1.1115,                 1.0974,                0.55185,                 0.5731,                0.51936,                0.35526,                0.55353,                0.56528,                0.50986,                0.30856,                 1.0538,                  1.938,                 1.0055,                 1.0684,              0.0065482,              0.0065482,              0.0065482
                    525,                 1.1213,                 2.0918,                 1.1138,                 1.0973,                0.55238,                0.57284,                0.51953,                0.35537,                0.55317,                0.56485,                0.50988,                0.30877,                 1.0537,                 1.9379,                 1.0055,                 1.0684,              0.0065416,              0.0065416,              0.0065416
                    526,                 1.1204,                 2.0897,                 1.1134,                 1.0974,                0.55256,                 0.5729,                 0.5194,                0.35527,                0.55284,                0.56479,                0.51001,                0.30881,                 1.0537,                  1.938,                 1.0056,                 1.0684,               0.006535,               0.006535,               0.006535
                    527,                 1.1206,                 2.0939,                 1.1146,                  1.097,                0.55326,                0.57211,                0.51938,                0.35519,                0.55269,                0.56521,                0.51005,                0.30866,                 1.0538,                 1.9382,                 1.0056,                 1.0684,              0.0065284,              0.0065284,              0.0065284
                    528,                   1.12,                 2.0932,                 1.1137,                 1.0986,                0.55176,                 0.5733,                0.51952,                0.35539,                0.55174,                0.56505,                0.51013,                0.30873,                 1.0538,                  1.938,                 1.0055,                 1.0684,              0.0065218,              0.0065218,              0.0065218
                    529,                 1.1186,                  2.091,                 1.1101,                 1.0963,                0.55293,                0.57203,                0.51938,                0.35534,                0.55362,                0.56466,                0.51013,                0.30867,                 1.0537,                 1.9382,                 1.0054,                 1.0684,              0.0065152,              0.0065152,              0.0065152
                    530,                 1.1236,                 2.0954,                 1.1145,                 1.0977,                0.55295,                0.57187,                0.51934,                0.35532,                0.55256,                0.56528,                 0.5102,                 0.3088,                 1.0537,                  1.938,                 1.0053,                 1.0684,              0.0065086,              0.0065086,              0.0065086
                    531,                 1.1237,                  2.101,                 1.1135,                 1.0982,                0.55304,                0.57231,                0.51943,                0.35528,                0.55195,                0.56518,                0.51008,                0.30879,                 1.0535,                 1.9381,                 1.0053,                 1.0683,               0.006502,               0.006502,               0.006502
                    532,                 1.1239,                 2.1032,                 1.1169,                 1.0993,                0.55397,                 0.5717,                0.51942,                0.35534,                0.55263,                0.56415,                0.50991,                0.30873,                 1.0536,                 1.9381,                 1.0054,                 1.0685,              0.0064954,              0.0064954,              0.0064954
                    533,                 1.1236,                  2.098,                 1.1125,                 1.0983,                0.55214,                0.57321,                0.51955,                0.35545,                0.55274,                0.56396,                0.50998,                0.30878,                 1.0535,                  1.938,                 1.0054,                 1.0684,              0.0064888,              0.0064888,              0.0064888
                    534,                 1.1206,                 2.0927,                 1.1102,                 1.0962,                 0.5523,                0.57351,                0.51943,                0.35532,                  0.552,                0.56528,                 0.5098,                0.30865,                 1.0535,                  1.938,                 1.0053,                 1.0683,              0.0064822,              0.0064822,              0.0064822
                    535,                 1.1205,                 2.0958,                 1.1156,                 1.0965,                0.55176,                0.57367,                0.51939,                 0.3553,                0.55182,                0.56465,                0.50961,                0.30878,                 1.0535,                  1.938,                 1.0053,                 1.0683,              0.0064756,              0.0064756,              0.0064756
                    536,                 1.1189,                 2.0897,                 1.1136,                 1.0974,                 0.5519,                 0.5728,                0.51914,                0.35522,                0.55312,                0.56341,                0.50959,                0.30875,                 1.0535,                 1.9381,                 1.0054,                 1.0682,               0.006469,               0.006469,               0.006469
                    537,                 1.1215,                 2.0926,                 1.1136,                 1.0972,                0.55257,                0.57331,                0.51921,                0.35513,                0.55282,                0.56328,                0.50966,                0.30873,                 1.0534,                  1.938,                 1.0053,                 1.0682,              0.0064624,              0.0064624,              0.0064624
                    538,                 1.1203,                 2.0966,                  1.119,                  1.097,                0.55218,                0.57345,                0.51934,                0.35516,                0.55266,                0.56348,                0.50976,                0.30871,                 1.0534,                 1.9378,                 1.0053,                 1.0682,              0.0064558,              0.0064558,              0.0064558
                    539,                 1.1215,                 2.0959,                 1.1159,                 1.0978,                0.55259,                0.57404,                0.51948,                0.35521,                0.55195,                0.56444,                0.50987,                0.30877,                 1.0535,                 1.9376,                 1.0052,                 1.0682,              0.0064492,              0.0064492,              0.0064492
                    540,                 1.1163,                 2.0862,                 1.1112,                 1.0969,                0.55262,                0.57298,                0.51946,                 0.3553,                0.55298,                0.56336,                0.50964,                0.30886,                 1.0535,                 1.9376,                 1.0053,                 1.0682,              0.0064426,              0.0064426,              0.0064426
                    541,                 1.1215,                 2.0967,                 1.1127,                 1.0981,                0.55264,                0.57284,                 0.5198,                0.35541,                0.55332,                0.56258,                0.50974,                0.30889,                 1.0535,                 1.9378,                 1.0054,                 1.0682,               0.006436,               0.006436,               0.006436
                    542,                 1.1164,                 2.0888,                 1.1074,                 1.0958,                0.55424,                0.57079,                0.51969,                0.35546,                0.55473,                0.56192,                0.50988,                0.30893,                 1.0534,                 1.9377,                 1.0052,                 1.0682,              0.0064294,              0.0064294,              0.0064294
                    543,                 1.1217,                 2.0959,                 1.1136,                 1.0974,                0.55399,                0.57121,                 0.5199,                0.35554,                 0.5535,                0.56288,                0.50983,                0.30895,                 1.0534,                 1.9377,                 1.0053,                 1.0682,              0.0064228,              0.0064228,              0.0064228
                    544,                 1.1173,                 2.0912,                 1.1121,                 1.0956,                0.55456,                0.57211,                0.51989,                0.35556,                0.55305,                0.56302,                0.50977,                0.30896,                  1.053,                 1.9373,                 1.0052,                  1.068,              0.0064162,              0.0064162,              0.0064162
                    545,                 1.1178,                 2.0884,                  1.115,                 1.0959,                0.55482,                0.57094,                0.51975,                0.35533,                0.55335,                0.56315,                0.50997,                0.30885,                  1.053,                 1.9374,                 1.0052,                  1.068,              0.0064096,              0.0064096,              0.0064096
                    546,                 1.1229,                 2.0959,                 1.1133,                 1.0975,                0.55498,                0.57129,                0.52001,                0.35548,                0.55328,                0.56365,                0.50996,                0.30888,                 1.0531,                 1.9374,                 1.0051,                 1.0681,               0.006403,               0.006403,               0.006403
                    547,                 1.1227,                 2.0911,                 1.1088,                 1.0965,                0.55482,                0.57138,                0.51994,                0.35543,                0.55307,                0.56396,                 0.5099,                0.30883,                 1.0531,                 1.9376,                 1.0051,                  1.068,              0.0063964,              0.0063964,              0.0063964
                    548,                 1.1188,                 2.0878,                 1.1096,                 1.0963,                0.55467,                 0.5718,                 0.5199,                 0.3553,                 0.5533,                0.56408,                0.51004,                0.30899,                 1.0533,                 1.9376,                 1.0049,                 1.0681,              0.0063898,              0.0063898,              0.0063898
                    549,                 1.1213,                 2.0943,                 1.1126,                 1.0982,                0.55473,                0.57136,                 0.5199,                0.35543,                0.55341,                  0.564,                0.51003,                0.30893,                 1.0534,                 1.9374,                 1.0049,                 1.0681,              0.0063832,              0.0063832,              0.0063832
                    550,                 1.1212,                  2.092,                 1.1171,                 1.0993,                0.55554,                0.57165,                0.51986,                0.35539,                0.55337,                0.56405,                   0.51,                0.30879,                 1.0534,                 1.9374,                 1.0048,                 1.0681,              0.0063766,              0.0063766,              0.0063766
                    551,                 1.1182,                 2.0833,                  1.109,                 1.0965,                0.55529,                 0.5715,                0.51999,                 0.3555,                0.55232,                0.56476,                   0.51,                0.30896,                 1.0533,                 1.9375,                 1.0049,                 1.0681,                0.00637,                0.00637,                0.00637
                    552,                 1.1191,                 2.0887,                 1.1122,                 1.0964,                0.55506,                0.57116,                0.51996,                0.35554,                0.55268,                0.56321,                0.50997,                0.30887,                 1.0532,                 1.9375,                 1.0047,                  1.068,              0.0063634,              0.0063634,              0.0063634
                    553,                  1.117,                  2.087,                  1.108,                 1.0971,                0.55452,                0.57182,                0.52014,                 0.3555,                0.55241,                0.56366,                 0.5101,                0.30884,                 1.0532,                 1.9372,                 1.0046,                  1.068,              0.0063568,              0.0063568,              0.0063568
                    554,                  1.115,                 2.0838,                 1.1112,                 1.0951,                0.55419,                0.57156,                0.51998,                0.35547,                0.55352,                0.56275,                0.50988,                0.30869,                 1.0533,                 1.9372,                 1.0047,                  1.068,              0.0063502,              0.0063502,              0.0063502
                    555,                 1.1193,                 2.0935,                 1.1131,                 1.0965,                0.55429,                0.57148,                   0.52,                0.35557,                0.55245,                0.56422,                0.50988,                0.30887,                 1.0532,                 1.9371,                 1.0047,                 1.0679,              0.0063436,              0.0063436,              0.0063436
                    556,                 1.1181,                 2.0863,                 1.1113,                 1.0971,                 0.5535,                0.57172,                0.51983,                0.35556,                 0.5535,                0.56259,                0.51003,                0.30885,                 1.0534,                  1.937,                 1.0046,                 1.0679,               0.006337,               0.006337,               0.006337
                    557,                 1.1145,                 2.0863,                   1.11,                 1.0953,                0.55396,                 0.5711,                0.51986,                0.35565,                0.55257,                0.56385,                0.50994,                0.30882,                 1.0534,                  1.937,                 1.0044,                 1.0679,              0.0063304,              0.0063304,              0.0063304
                    558,                 1.1164,                 2.0857,                 1.1086,                 1.0964,                 0.5538,                0.57119,                0.52014,                 0.3558,                0.55373,                0.56247,                0.50996,                0.30901,                  1.053,                 1.9366,                 1.0042,                 1.0677,              0.0063238,              0.0063238,              0.0063238
                    559,                 1.1198,                 2.0913,                 1.1139,                 1.0966,                0.55409,                0.57127,                0.52016,                 0.3557,                0.55241,                0.56323,                0.50993,                0.30896,                 1.0531,                 1.9365,                 1.0042,                 1.0677,              0.0063172,              0.0063172,              0.0063172
                    560,                 1.1164,                 2.0861,                 1.1087,                 1.0949,                0.55371,                0.57125,                0.52002,                0.35565,                0.55188,                0.56403,                   0.51,                0.30886,                  1.053,                 1.9364,                 1.0041,                 1.0676,              0.0063106,              0.0063106,              0.0063106
                    561,                 1.1199,                 2.0912,                 1.1121,                 1.0975,                0.55269,                0.57147,                0.51992,                0.35562,                0.55164,                0.56418,                0.50992,                0.30884,                 1.0527,                 1.9365,                 1.0039,                 1.0675,               0.006304,               0.006304,               0.006304
                    562,                 1.1151,                 2.0823,                 1.1104,                 1.0964,                0.55224,                0.57195,                0.52008,                0.35563,                0.55314,                0.56324,                0.50994,                0.30884,                 1.0528,                 1.9365,                 1.0039,                 1.0676,              0.0062974,              0.0062974,              0.0062974
                    563,                 1.1183,                 2.0904,                 1.1113,                 1.0969,                0.55238,                0.57144,                   0.52,                0.35552,                0.55251,                0.56302,                0.50991,                0.30871,                  1.053,                 1.9366,                 1.0039,                 1.0676,              0.0062908,              0.0062908,              0.0062908
                    564,                 1.1189,                 2.0909,                 1.1116,                 1.0961,                0.55238,                0.57178,                0.51996,                0.35554,                0.55286,                0.56275,                 0.5101,                0.30881,                 1.0528,                 1.9366,                  1.004,                 1.0675,              0.0062842,              0.0062842,              0.0062842
                    565,                 1.1185,                  2.088,                 1.1105,                 1.0961,                 0.5525,                0.57136,                0.51986,                0.35549,                0.55137,                0.56376,                0.51012,                0.30882,                 1.0527,                 1.9366,                  1.004,                 1.0674,              0.0062776,              0.0062776,              0.0062776
                    566,                 1.1158,                 2.0852,                 1.1099,                 1.0971,                  0.552,                0.57261,                0.52019,                0.35564,                0.55231,                0.56374,                0.51012,                0.30903,                 1.0528,                 1.9363,                 1.0039,                 1.0674,               0.006271,               0.006271,               0.006271
                    567,                  1.118,                 2.0887,                 1.1088,                 1.0965,                0.55255,                0.57269,                0.52014,                 0.3556,                0.55147,                 0.5639,                0.50994,                0.30896,                 1.0527,                 1.9363,                 1.0039,                 1.0674,              0.0062644,              0.0062644,              0.0062644
                    568,                 1.1192,                 2.0867,                  1.109,                 1.0984,                0.55207,                0.57294,                0.52029,                0.35545,                0.55137,                 0.5636,                0.50973,                0.30886,                 1.0527,                 1.9364,                 1.0038,                 1.0675,              0.0062578,              0.0062578,              0.0062578
                    569,                 1.1173,                 2.0884,                 1.1083,                 1.0957,                0.55166,                0.57256,                 0.5199,                0.35544,                0.54967,                0.56472,                0.50971,                0.30883,                 1.0528,                 1.9363,                 1.0039,                 1.0675,              0.0062512,              0.0062512,              0.0062512
                    570,                 1.1206,                 2.0947,                 1.1087,                 1.0965,                0.55225,                0.57241,                0.52013,                0.35557,                0.55122,                0.56392,                0.50973,                0.30899,                 1.0528,                 1.9362,                 1.0039,                 1.0674,              0.0062446,              0.0062446,              0.0062446
                    571,                 1.1156,                 2.0828,                 1.1103,                 1.0969,                 0.5538,                0.57208,                0.52015,                0.35559,                0.55159,                0.56376,                 0.5098,                0.30886,                 1.0527,                 1.9362,                 1.0039,                 1.0674,               0.006238,               0.006238,               0.006238
                    572,                 1.1149,                 2.0788,                 1.1092,                 1.0964,                0.55448,                0.57186,                0.52026,                0.35557,                0.55293,                0.56334,                0.50979,                0.30898,                 1.0527,                 1.9362,                 1.0039,                 1.0673,              0.0062314,              0.0062314,              0.0062314
                    573,                 1.1168,                 2.0883,                 1.1108,                 1.0957,                0.55443,                0.57179,                0.52031,                0.35557,                 0.5542,                0.56239,                0.50982,                0.30907,                 1.0527,                 1.9362,                 1.0039,                 1.0674,              0.0062248,              0.0062248,              0.0062248
                    574,                 1.1164,                 2.0841,                 1.1096,                 1.0954,                0.55445,                0.57171,                0.52032,                0.35552,                0.55197,                0.56372,                0.50973,                0.30885,                 1.0528,                 1.9364,                 1.0038,                 1.0674,              0.0062182,              0.0062182,              0.0062182
                    575,                 1.1171,                 2.0864,                 1.1086,                 1.0957,                0.55469,                0.57229,                0.52054,                0.35559,                0.55242,                0.56397,                0.50985,                0.30887,                 1.0528,                 1.9363,                 1.0038,                 1.0674,              0.0062116,              0.0062116,              0.0062116
                    576,                 1.1167,                 2.0826,                 1.1037,                 1.0946,                0.55507,                0.57246,                0.52049,                0.35547,                0.55326,                0.56426,                0.50975,                0.30887,                 1.0526,                 1.9362,                 1.0037,                 1.0674,               0.006205,               0.006205,               0.006205
                    577,                 1.1138,                 2.0759,                 1.1066,                 1.0942,                0.55474,                0.57256,                0.52049,                0.35537,                0.55358,                0.56474,                0.50984,                0.30896,                 1.0526,                 1.9359,                 1.0036,                 1.0674,              0.0061984,              0.0061984,              0.0061984
                    578,                 1.1167,                 2.0815,                 1.1058,                 1.0958,                 0.5551,                0.57173,                0.52034,                0.35545,                0.55328,                0.56433,                0.51003,                0.30905,                 1.0526,                 1.9362,                 1.0037,                 1.0674,              0.0061918,              0.0061918,              0.0061918
                    579,                 1.1178,                 2.0887,                 1.1051,                 1.0945,                0.55482,                0.57216,                0.52028,                0.35549,                0.55226,                0.56503,                0.51011,                0.30903,                 1.0526,                 1.9361,                 1.0037,                 1.0674,              0.0061852,              0.0061852,              0.0061852
                    580,                 1.1195,                 2.0896,                 1.1102,                 1.0949,                0.55464,                0.57247,                0.52041,                0.35563,                0.55113,                0.56507,                0.50982,                0.30888,                 1.0526,                 1.9362,                 1.0037,                 1.0674,              0.0061786,              0.0061786,              0.0061786
                    581,                 1.1175,                 2.0876,                 1.1106,                 1.0945,                0.55489,                0.57224,                0.52059,                0.35581,                0.55236,                0.56476,                0.51007,                0.30893,                 1.0526,                 1.9361,                 1.0036,                 1.0674,               0.006172,               0.006172,               0.006172
                    582,                 1.1131,                 2.0814,                 1.1047,                 1.0955,                0.55537,                0.57205,                0.52055,                0.35572,                0.55196,                0.56583,                0.51012,                0.30879,                 1.0526,                 1.9361,                 1.0036,                 1.0675,              0.0061654,              0.0061654,              0.0061654
                    583,                 1.1173,                 2.0846,                 1.1088,                 1.0956,                0.55354,                0.57376,                0.52058,                0.35574,                0.55145,                0.56545,                0.50999,                 0.3088,                 1.0524,                 1.9361,                 1.0037,                 1.0673,              0.0061588,              0.0061588,              0.0061588
                    584,                 1.1169,                 2.0856,                 1.1083,                 1.0945,                0.55427,                0.57243,                0.52032,                0.35576,                0.55168,                0.56545,                0.50999,                0.30881,                 1.0522,                 1.9363,                 1.0036,                 1.0672,              0.0061522,              0.0061522,              0.0061522
                    585,                 1.1184,                 2.0832,                 1.1048,                 1.0942,                0.55415,                0.57349,                0.52063,                0.35583,                0.55084,                0.56629,                0.51003,                 0.3088,                 1.0521,                  1.936,                 1.0035,                 1.0672,              0.0061456,              0.0061456,              0.0061456
                    586,                 1.1187,                 2.0882,                 1.1106,                 1.0958,                0.55367,                0.57377,                0.52057,                0.35587,                0.55103,                0.56583,                0.50986,                0.30874,                 1.0521,                  1.936,                 1.0035,                 1.0671,               0.006139,               0.006139,               0.006139
                    587,                 1.1171,                 2.0868,                 1.1085,                 1.0953,                0.55438,                0.57303,                0.52053,                0.35577,                0.55117,                0.56562,                0.50983,                 0.3088,                 1.0521,                 1.9359,                 1.0035,                 1.0671,              0.0061324,              0.0061324,              0.0061324
                    588,                 1.1172,                 2.0895,                 1.1053,                 1.0944,                0.55422,                0.57376,                0.52052,                0.35588,                0.55099,                0.56634,                0.50995,                0.30894,                  1.052,                 1.9359,                 1.0035,                 1.0671,              0.0061258,              0.0061258,              0.0061258
                    589,                 1.1149,                 2.0826,                 1.1078,                 1.0943,                0.55419,                0.57321,                0.52058,                0.35586,                0.55178,                0.56468,                0.50997,                0.30884,                 1.0519,                 1.9358,                 1.0034,                  1.067,              0.0061192,              0.0061192,              0.0061192
                    590,                 1.1189,                 2.0886,                  1.111,                 1.0962,                 0.5549,                0.57149,                0.52073,                 0.3559,                0.55425,                0.56273,                0.51044,                0.30896,                  1.052,                 1.9358,                 1.0035,                  1.067,              0.0061126,              0.0061126,              0.0061126
                    591,                 1.1159,                 2.0853,                 1.1072,                 1.0936,                0.55525,                0.57166,                0.52082,                0.35593,                0.55306,                0.56392,                0.51071,                0.30895,                  1.052,                 1.9357,                 1.0035,                 1.0669,               0.006106,               0.006106,               0.006106
                    592,                  1.116,                 2.0845,                 1.1072,                 1.0959,                0.55653,                0.57078,                0.52087,                0.35587,                0.55377,                0.56369,                0.51067,                0.30907,                 1.0521,                 1.9356,                 1.0034,                 1.0668,              0.0060994,              0.0060994,              0.0060994
                    593,                 1.1168,                 2.0856,                 1.1067,                 1.0954,                0.55448,                0.57274,                0.52087,                0.35601,                0.55193,                0.56601,                0.51081,                0.30912,                  1.052,                 1.9355,                 1.0035,                 1.0668,              0.0060928,              0.0060928,              0.0060928
                    594,                 1.1167,                 2.0863,                 1.1081,                 1.0952,                0.55557,                0.57183,                0.52085,                0.35596,                0.55349,                0.56413,                0.51061,                0.30914,                  1.052,                 1.9357,                 1.0034,                 1.0668,              0.0060862,              0.0060862,              0.0060862
                    595,                 1.1121,                 2.0805,                 1.1062,                 1.0933,                0.55588,                0.57168,                  0.521,                  0.356,                0.55387,                0.56434,                0.51062,                0.30905,                 1.0521,                 1.9356,                 1.0035,                 1.0668,              0.0060796,              0.0060796,              0.0060796
                    596,                 1.1168,                 2.0881,                 1.1082,                 1.0967,                0.55471,                0.57275,                  0.521,                0.35592,                0.55196,                0.56606,                0.51061,                0.30887,                 1.0523,                 1.9359,                 1.0035,                 1.0668,               0.006073,               0.006073,               0.006073
                    597,                 1.1174,                 2.0841,                 1.1064,                 1.0955,                0.55401,                0.57345,                0.52114,                0.35599,                0.55078,                0.56626,                0.51067,                0.30879,                 1.0522,                 1.9359,                 1.0036,                 1.0668,              0.0060664,              0.0060664,              0.0060664
                    598,                 1.1162,                 2.0899,                 1.1066,                 1.0953,                0.55357,                0.57413,                0.52112,                0.35593,                0.55095,                0.56659,                 0.5104,                0.30879,                 1.0522,                 1.9359,                 1.0036,                 1.0669,              0.0060598,              0.0060598,              0.0060598
                    599,                 1.1171,                 2.0818,                 1.1048,                 1.0942,                0.55469,                0.57288,                0.52097,                0.35587,                 0.5527,                0.56513,                0.51072,                0.30888,                 1.0523,                 1.9358,                 1.0036,                 1.0669,              0.0060532,              0.0060532,              0.0060532
                    600,                 1.1151,                 2.0817,                 1.1065,                 1.0959,                0.55347,                0.57527,                0.52127,                0.35596,                0.55201,                0.56656,                0.51071,                0.30902,                 1.0522,                 1.9356,                 1.0036,                 1.0669,              0.0060466,              0.0060466,              0.0060466
                    601,                 1.1169,                 2.0868,                 1.1068,                 1.0943,                0.55429,                0.57526,                0.52139,                0.35596,                0.55122,                0.56769,                0.51091,                0.30917,                 1.0522,                 1.9356,                 1.0036,                 1.0669,                0.00604,                0.00604,                0.00604
                    602,                 1.1186,                 2.0909,                 1.1096,                 1.0958,                0.55349,                0.57493,                0.52141,                0.35607,                 0.5522,                0.56675,                0.51107,                0.30915,                 1.0522,                 1.9354,                 1.0036,                 1.0669,              0.0060334,              0.0060334,              0.0060334
                    603,                 1.1174,                 2.0861,                 1.1045,                 1.0966,                0.55342,                 0.5755,                0.52148,                0.35602,                0.55197,                0.56662,                0.51108,                 0.3092,                 1.0523,                 1.9353,                 1.0035,                 1.0669,              0.0060268,              0.0060268,              0.0060268
                    604,                 1.1132,                 2.0794,                 1.1079,                 1.0944,                0.55357,                0.57576,                0.52173,                 0.3561,                0.55263,                0.56678,                0.51115,                0.30916,                 1.0523,                 1.9353,                 1.0034,                  1.067,              0.0060202,              0.0060202,              0.0060202
                    605,                 1.1206,                 2.0942,                 1.1095,                 1.0953,                0.55384,                0.57562,                0.52162,                0.35606,                0.55163,                0.56777,                0.51097,                0.30918,                 1.0523,                 1.9352,                 1.0033,                 1.0668,              0.0060136,              0.0060136,              0.0060136
                    606,                  1.118,                 2.0886,                 1.1088,                 1.0966,                0.55487,                0.57571,                0.52168,                0.35619,                 0.5526,                0.56806,                0.51096,                0.30915,                 1.0523,                 1.9353,                 1.0033,                 1.0669,               0.006007,               0.006007,               0.006007
                    607,                 1.1219,                 2.0929,                 1.1119,                 1.0967,                0.55495,                0.57547,                0.52157,                 0.3562,                0.55276,                0.56812,                0.51102,                 0.3092,                 1.0524,                 1.9355,                 1.0034,                 1.0669,              0.0060004,              0.0060004,              0.0060004
                    608,                 1.1174,                 2.0835,                 1.1087,                 1.0949,                0.55422,                0.57546,                0.52145,                0.35603,                0.55454,                0.56643,                0.51109,                0.30921,                 1.0524,                 1.9352,                 1.0034,                 1.0669,              0.0059938,              0.0059938,              0.0059938
                    609,                 1.1157,                 2.0842,                  1.108,                 1.0947,                 0.5543,                0.57457,                0.52139,                0.35605,                0.55374,                0.56606,                0.51088,                0.30915,                 1.0523,                 1.9353,                 1.0035,                 1.0668,              0.0059872,              0.0059872,              0.0059872
                    610,                 1.1172,                 2.0865,                 1.1037,                 1.0941,                0.55357,                0.57515,                0.52149,                 0.3561,                0.55293,                 0.5658,                0.51083,                 0.3093,                 1.0524,                 1.9351,                 1.0036,                 1.0669,              0.0059806,              0.0059806,              0.0059806
                    611,                 1.1177,                 2.0868,                 1.1053,                 1.0957,                 0.5549,                0.57482,                0.52142,                0.35617,                0.55342,                0.56536,                0.51091,                0.30919,                 1.0525,                  1.935,                 1.0035,                  1.067,               0.005974,               0.005974,               0.005974
                    612,                  1.114,                 2.0768,                 1.1041,                  1.094,                0.55535,                0.57499,                0.52134,                0.35615,                 0.5532,                0.56648,                0.51097,                0.30903,                 1.0522,                 1.9348,                 1.0035,                 1.0669,              0.0059674,              0.0059674,              0.0059674
                    613,                 1.1147,                 2.0851,                 1.1046,                  1.093,                0.55522,                0.57521,                 0.5213,                  0.356,                0.55371,                0.56553,                0.51093,                0.30903,                 1.0522,                 1.9349,                 1.0034,                 1.0668,              0.0059608,              0.0059608,              0.0059608
                    614,                 1.1166,                 2.0853,                 1.1084,                 1.0954,                0.55519,                0.57481,                0.52138,                0.35595,                 0.5528,                0.56629,                0.51081,                0.30907,                  1.052,                 1.9348,                 1.0033,                 1.0668,              0.0059542,              0.0059542,              0.0059542
                    615,                  1.118,                 2.0877,                 1.1072,                 1.0959,                0.55419,                0.57527,                0.52131,                0.35606,                0.55272,                0.56639,                0.51082,                0.30913,                  1.052,                 1.9346,                 1.0032,                 1.0668,              0.0059476,              0.0059476,              0.0059476
                    616,                 1.1095,                 2.0708,                 1.1016,                 1.0929,                0.55384,                0.57505,                0.52122,                0.35602,                0.55252,                0.56629,                0.51083,                0.30903,                 1.0519,                 1.9346,                 1.0032,                 1.0668,               0.005941,               0.005941,               0.005941
                    617,                 1.1169,                 2.0831,                 1.1066,                 1.0949,                0.55316,                0.57633,                0.52142,                0.35602,                0.55158,                0.56766,                0.51085,                0.30908,                 1.0519,                 1.9346,                 1.0032,                 1.0668,              0.0059344,              0.0059344,              0.0059344
                    618,                 1.1132,                 2.0778,                  1.106,                 1.0951,                0.55411,                0.57542,                 0.5213,                0.35609,                0.55224,                0.56662,                0.51087,                0.30897,                 1.0518,                 1.9344,                 1.0031,                 1.0668,              0.0059278,              0.0059278,              0.0059278
                    619,                 1.1193,                 2.0902,                 1.1096,                  1.096,                0.55395,                0.57509,                0.52128,                0.35599,                0.55103,                0.56791,                0.51094,                0.30893,                 1.0518,                 1.9343,                 1.0031,                 1.0667,              0.0059212,              0.0059212,              0.0059212
                    620,                 1.1137,                 2.0821,                 1.1051,                 1.0948,                0.55457,                0.57522,                0.52137,                0.35616,                 0.5535,                0.56679,                0.51112,                0.30894,                 1.0517,                 1.9342,                 1.0031,                 1.0667,              0.0059146,              0.0059146,              0.0059146
                    621,                 1.1149,                 2.0823,                 1.1065,                 1.0931,                0.55455,                0.57504,                0.52121,                0.35618,                0.55251,                 0.5676,                0.51117,                0.30907,                 1.0517,                 1.9343,                 1.0031,                 1.0667,               0.005908,               0.005908,               0.005908
                    622,                 1.1143,                 2.0804,                 1.1024,                 1.0936,                0.55496,                0.57491,                0.52154,                0.35625,                0.55309,                0.56764,                0.51144,                0.30929,                 1.0517,                 1.9342,                  1.003,                 1.0666,              0.0059014,              0.0059014,              0.0059014
                    623,                 1.1168,                 2.0829,                 1.1083,                 1.0942,                  0.555,                0.57429,                 0.5212,                0.35608,                0.55274,                 0.5668,                0.51141,                0.30913,                 1.0516,                 1.9342,                  1.003,                 1.0665,              0.0058948,              0.0058948,              0.0058948
                    624,                 1.1169,                  2.089,                 1.1069,                  1.095,                0.55558,                0.57352,                0.52112,                0.35595,                0.55512,                0.56434,                 0.5113,                0.30913,                 1.0516,                 1.9341,                  1.003,                 1.0665,              0.0058882,              0.0058882,              0.0058882
                    625,                 1.1153,                 2.0791,                 1.1055,                  1.094,                0.55577,                0.57323,                0.52126,                0.35613,                0.55508,                0.56456,                0.51114,                0.30923,                 1.0515,                 1.9339,                 1.0029,                 1.0665,              0.0058816,              0.0058816,              0.0058816
                    626,                 1.1141,                 2.0824,                 1.1042,                 1.0923,                0.55621,                 0.5729,                0.52115,                0.35597,                0.55548,                0.56411,                0.51094,                0.30905,                 1.0515,                 1.9341,                 1.0028,                 1.0665,               0.005875,               0.005875,               0.005875
                    627,                 1.1151,                  2.081,                 1.1084,                 1.0938,                0.55594,                0.57304,                0.52127,                0.35603,                0.55396,                0.56498,                0.51094,                0.30907,                 1.0513,                  1.934,                 1.0027,                 1.0664,              0.0058684,              0.0058684,              0.0058684
                    628,                 1.1148,                 2.0812,                 1.1023,                 1.0931,                0.55632,                0.57345,                0.52132,                0.35602,                0.55446,                0.56514,                0.51113,                0.30914,                 1.0511,                 1.9339,                 1.0026,                 1.0663,              0.0058618,              0.0058618,              0.0058618
                    629,                 1.1149,                 2.0825,                 1.1049,                 1.0938,                0.55604,                0.57314,                0.52125,                0.35608,                0.55462,                0.56505,                0.51098,                0.30926,                 1.0511,                 1.9338,                 1.0027,                 1.0663,              0.0058552,              0.0058552,              0.0058552
                    630,                 1.1103,                 2.0741,                 1.1052,                 1.0938,                0.55596,                 0.5729,                0.52112,                0.35613,                 0.5533,                0.56586,                0.51114,                0.30917,                 1.0511,                 1.9336,                 1.0025,                 1.0664,              0.0058486,              0.0058486,              0.0058486
                    631,                 1.1166,                 2.0841,                 1.1096,                 1.0961,                0.55612,                  0.573,                0.52124,                0.35616,                0.55509,                0.56513,                0.51122,                0.30915,                 1.0512,                 1.9335,                 1.0026,                 1.0664,               0.005842,               0.005842,               0.005842
                    632,                 1.1156,                 2.0833,                 1.1039,                 1.0943,                0.55593,                0.57383,                0.52116,                0.35621,                0.55384,                0.56653,                0.51126,                0.30921,                 1.0512,                 1.9337,                 1.0025,                 1.0664,              0.0058354,              0.0058354,              0.0058354
                    633,                 1.1139,                 2.0813,                 1.1051,                 1.0931,                0.55538,                0.57385,                0.52124,                0.35625,                0.55349,                0.56652,                0.51126,                0.30927,                 1.0512,                 1.9337,                 1.0025,                 1.0663,              0.0058288,              0.0058288,              0.0058288
                    634,                 1.1132,                 2.0816,                 1.1018,                 1.0934,                0.55397,                0.57573,                0.52112,                0.35641,                0.55358,                0.56691,                0.51127,                0.30931,                 1.0514,                 1.9337,                 1.0026,                 1.0664,              0.0058222,              0.0058222,              0.0058222
                    635,                 1.1119,                 2.0772,                 1.1025,                  1.094,                0.55267,                0.57703,                0.52109,                0.35628,                0.55304,                0.56651,                0.51114,                0.30922,                 1.0514,                 1.9336,                 1.0026,                 1.0664,              0.0058156,              0.0058156,              0.0058156
                    636,                 1.1133,                  2.079,                 1.1044,                 1.0946,                 0.5518,                0.57646,                 0.5211,                0.35634,                0.55228,                0.56645,                 0.5112,                0.30933,                 1.0516,                 1.9339,                 1.0025,                 1.0665,               0.005809,               0.005809,               0.005809
                    637,                 1.1172,                 2.0881,                 1.1059,                 1.0939,                0.55056,                0.57679,                0.52111,                0.35621,                0.55267,                0.56567,                 0.5112,                0.30925,                 1.0519,                 1.9339,                 1.0025,                 1.0666,              0.0058024,              0.0058024,              0.0058024
                    638,                 1.1152,                 2.0872,                 1.1043,                 1.0956,                0.55035,                0.57644,                0.52094,                0.35619,                0.55146,                0.56545,                0.51117,                0.30917,                 1.0518,                 1.9337,                 1.0025,                 1.0666,              0.0057958,              0.0057958,              0.0057958
                    639,                 1.1149,                 2.0854,                 1.1057,                 1.0951,                0.55114,                0.57654,                0.52083,                0.35628,                0.55101,                0.56583,                0.51117,                0.30925,                 1.0516,                 1.9337,                 1.0024,                 1.0666,              0.0057892,              0.0057892,              0.0057892
                    640,                 1.1137,                 2.0798,                 1.1007,                 1.0928,                0.55104,                0.57654,                0.52092,                0.35629,                 0.5501,                0.56798,                 0.5112,                0.30929,                 1.0517,                 1.9336,                 1.0025,                 1.0666,              0.0057826,              0.0057826,              0.0057826
                    641,                 1.1138,                 2.0784,                 1.1047,                 1.0956,                0.55082,                0.57654,                0.52093,                0.35629,                0.55212,                0.56634,                0.51125,                0.30929,                 1.0517,                 1.9339,                 1.0024,                 1.0667,               0.005776,               0.005776,               0.005776
                    642,                 1.1156,                 2.0815,                 1.1014,                 1.0924,                 0.5515,                0.57588,                0.52088,                0.35627,                0.55149,                0.56585,                0.51103,                0.30922,                 1.0516,                 1.9341,                 1.0024,                 1.0666,              0.0057694,              0.0057694,              0.0057694
                    643,                 1.1123,                 2.0784,                 1.1027,                 1.0945,                0.55135,                0.57556,                0.52087,                0.35624,                  0.551,                0.56676,                0.51132,                0.30938,                 1.0514,                 1.9339,                 1.0025,                 1.0665,              0.0057628,              0.0057628,              0.0057628
                    644,                 1.1163,                 2.0893,                 1.1059,                 1.0948,                0.55321,                 0.5747,                0.52111,                 0.3564,                0.55205,                0.56679,                0.51133,                0.30948,                 1.0513,                 1.9339,                 1.0025,                 1.0665,              0.0057562,              0.0057562,              0.0057562
                    645,                 1.1148,                 2.0768,                 1.1008,                 1.0943,                0.55359,                0.57514,                0.52113,                0.35648,                0.55246,                0.56606,                0.51111,                0.30937,                 1.0512,                 1.9337,                 1.0025,                 1.0665,              0.0057496,              0.0057496,              0.0057496
                    646,                 1.1136,                 2.0828,                 1.1025,                 1.0933,                0.55354,                0.57521,                0.52112,                0.35631,                0.55289,                0.56593,                0.51106,                0.30938,                 1.0515,                 1.9337,                 1.0026,                 1.0666,               0.005743,               0.005743,               0.005743
                    647,                 1.1094,                 2.0736,                 1.0974,                 1.0911,                0.55313,                0.57618,                0.52111,                0.35646,                0.55302,                0.56577,                0.51093,                0.30939,                 1.0514,                 1.9339,                 1.0027,                 1.0665,              0.0057364,              0.0057364,              0.0057364
                    648,                 1.1152,                 2.0811,                  1.103,                 1.0935,                0.55254,                0.57596,                0.52097,                0.35634,                0.55293,                0.56623,                0.51096,                 0.3094,                 1.0515,                 1.9338,                 1.0027,                 1.0666,              0.0057298,              0.0057298,              0.0057298
                    649,                 1.1113,                 2.0777,                 1.1037,                 1.0935,                0.55197,                0.57601,                0.52106,                0.35633,                0.55208,                0.56613,                0.51093,                0.30943,                 1.0514,                 1.9337,                 1.0027,                 1.0667,              0.0057232,              0.0057232,              0.0057232
                    650,                   1.11,                 2.0727,                 1.0975,                 1.0905,                0.55185,                0.57649,                0.52101,                 0.3563,                0.55213,                0.56615,                0.51098,                0.30943,                 1.0514,                 1.9336,                 1.0028,                 1.0667,              0.0057166,              0.0057166,              0.0057166
                    651,                 1.1161,                 2.0821,                 1.1044,                 1.0954,                0.55086,                0.57645,                0.52097,                0.35627,                0.55187,                0.56688,                0.51091,                0.30945,                 1.0514,                 1.9336,                 1.0027,                 1.0667,                0.00571,                0.00571,                0.00571
                    652,                 1.1174,                 2.0835,                  1.106,                 1.0949,                0.55243,                0.57543,                0.52111,                0.35631,                 0.5506,                0.56758,                0.51106,                 0.3094,                 1.0514,                 1.9336,                 1.0025,                 1.0667,              0.0057034,              0.0057034,              0.0057034
                    653,                 1.1169,                 2.0861,                 1.1031,                 1.0938,                0.55201,                0.57553,                0.52101,                0.35627,                0.55138,                0.56699,                0.51104,                0.30941,                 1.0513,                 1.9335,                 1.0024,                 1.0666,              0.0056968,              0.0056968,              0.0056968
                    654,                 1.1141,                 2.0812,                 1.1019,                 1.0938,                0.55115,                0.57693,                0.52122,                0.35621,                0.55143,                0.56643,                0.51071,                0.30929,                 1.0515,                 1.9334,                 1.0023,                 1.0667,              0.0056902,              0.0056902,              0.0056902
                    655,                 1.1156,                 2.0849,                 1.1057,                 1.0952,                0.55125,                0.57689,                0.52134,                0.35626,                0.55136,                0.56699,                0.51091,                 0.3092,                 1.0515,                 1.9333,                 1.0022,                 1.0667,              0.0056836,              0.0056836,              0.0056836
                    656,                 1.1148,                 2.0774,                 1.1002,                 1.0929,                0.55188,                0.57662,                0.52127,                0.35621,                0.55172,                0.56734,                0.51099,                0.30926,                 1.0515,                 1.9331,                 1.0022,                 1.0667,               0.005677,               0.005677,               0.005677
                    657,                 1.1122,                  2.079,                 1.1005,                  1.093,                 0.5527,                0.57655,                0.52145,                 0.3563,                0.55197,                0.56713,                0.51069,                0.30929,                 1.0515,                 1.9329,                 1.0022,                 1.0666,              0.0056704,              0.0056704,              0.0056704
                    658,                  1.115,                 2.0773,                 1.1016,                 1.0919,                0.55311,                0.57563,                0.52155,                0.35639,                0.55267,                0.56615,                0.51083,                0.30937,                 1.0513,                 1.9328,                 1.0021,                 1.0665,              0.0056638,              0.0056638,              0.0056638
                    659,                 1.1172,                 2.0856,                  1.104,                 1.0932,                0.55475,                0.57349,                0.52156,                0.35638,                0.55262,                0.56601,                0.51097,                0.30948,                 1.0512,                 1.9328,                  1.002,                 1.0664,              0.0056572,              0.0056572,              0.0056572
                    660,                 1.1086,                 2.0688,                 1.0964,                 1.0909,                 0.5545,                0.57316,                0.52167,                 0.3564,                0.55392,                0.56454,                0.51139,                0.30963,                 1.0512,                 1.9329,                 1.0019,                 1.0664,              0.0056506,              0.0056506,              0.0056506
                    661,                 1.1137,                 2.0759,                 1.1009,                  1.093,                0.55397,                0.57395,                0.52196,                0.35655,                0.55281,                0.56541,                0.51154,                0.30959,                  1.051,                 1.9327,                 1.0018,                 1.0664,               0.005644,               0.005644,               0.005644
                    662,                 1.1142,                 2.0812,                 1.1032,                 1.0944,                0.55457,                0.57414,                0.52201,                0.35675,                0.55267,                0.56676,                0.51178,                 0.3097,                 1.0511,                 1.9327,                 1.0017,                 1.0664,              0.0056374,              0.0056374,              0.0056374
                    663,                 1.1154,                  2.082,                 1.1026,                 1.0933,                0.55265,                0.57571,                0.52215,                 0.3568,                0.55385,                0.56512,                0.51187,                 0.3097,                 1.0509,                 1.9328,                 1.0017,                 1.0663,              0.0056308,              0.0056308,              0.0056308
                    664,                 1.1133,                 2.0759,                 1.1036,                 1.0926,                0.55255,                0.57572,                0.52215,                0.35659,                0.55374,                0.56548,                0.51166,                0.30969,                 1.0507,                 1.9325,                 1.0017,                 1.0662,              0.0056242,              0.0056242,              0.0056242
                    665,                  1.116,                 2.0804,                 1.1016,                 1.0932,                 0.5512,                0.57652,                0.52217,                0.35661,                0.55127,                0.56629,                 0.5116,                0.30968,                 1.0505,                 1.9325,                 1.0016,                 1.0661,              0.0056176,              0.0056176,              0.0056176
                    666,                 1.1134,                 2.0773,                  1.104,                 1.0936,                0.55285,                0.57559,                0.52216,                0.35672,                0.55248,                0.56582,                0.51163,                0.30966,                 1.0503,                 1.9325,                 1.0015,                  1.066,               0.005611,               0.005611,               0.005611
                    667,                 1.1147,                  2.081,                 1.1003,                 1.0934,                0.55387,                0.57454,                0.52204,                0.35656,                0.55208,                0.56604,                0.51159,                0.30968,                 1.0503,                 1.9327,                 1.0014,                 1.0659,              0.0056044,              0.0056044,              0.0056044
                    668,                  1.113,                 2.0794,                 1.0999,                 1.0915,                0.55328,                0.57552,                0.52217,                0.35661,                0.55228,                0.56643,                0.51204,                0.30977,                 1.0504,                 1.9325,                 1.0013,                 1.0659,              0.0055978,              0.0055978,              0.0055978
                    669,                  1.113,                 2.0749,                 1.1025,                 1.0922,                0.55332,                0.57525,                 0.5223,                0.35673,                0.55061,                0.56834,                0.51215,                0.30968,                 1.0504,                 1.9327,                 1.0011,                  1.066,              0.0055912,              0.0055912,              0.0055912
                    670,                 1.1123,                 2.0778,                  1.103,                 1.0929,                0.55324,                0.57566,                0.52216,                0.35665,                0.55229,                0.56577,                 0.5122,                 0.3097,                 1.0505,                 1.9325,                 1.0011,                 1.0661,              0.0055846,              0.0055846,              0.0055846
                    671,                 1.1128,                 2.0754,                 1.0998,                 1.0933,                0.55316,                0.57586,                0.52237,                0.35677,                0.55269,                0.56458,                0.51195,                0.30969,                 1.0504,                 1.9325,                  1.001,                  1.066,               0.005578,               0.005578,               0.005578
                    672,                 1.1129,                 2.0739,                 1.1018,                 1.0937,                 0.5541,                0.57406,                0.52228,                0.35675,                0.55325,                0.56378,                0.51171,                0.30965,                 1.0504,                 1.9325,                  1.001,                  1.066,              0.0055714,              0.0055714,              0.0055714
                    673,                 1.1119,                 2.0751,                 1.0994,                 1.0927,                0.55429,                0.57412,                0.52239,                0.35679,                0.55346,                0.56402,                0.51191,                0.30971,                 1.0504,                 1.9323,                 1.0008,                  1.066,              0.0055648,              0.0055648,              0.0055648
                    674,                  1.111,                 2.0782,                 1.1012,                 1.0913,                0.55262,                0.57587,                0.52235,                0.35676,                 0.5546,                0.56314,                0.51174,                0.30977,                 1.0506,                 1.9324,                 1.0008,                 1.0661,              0.0055582,              0.0055582,              0.0055582
                    675,                 1.1175,                 2.0855,                 1.0999,                  1.092,                0.55455,                0.57398,                0.52242,                0.35669,                0.55412,                0.56409,                0.51206,                0.30967,                 1.0506,                 1.9321,                 1.0008,                  1.066,              0.0055516,              0.0055516,              0.0055516
                    676,                 1.1172,                 2.0852,                 1.1026,                 1.0942,                0.55301,                0.57517,                0.52231,                0.35675,                0.55403,                0.56443,                0.51205,                0.30959,                 1.0506,                 1.9321,                 1.0008,                 1.0661,               0.005545,               0.005545,               0.005545
                    677,                 1.1141,                 2.0784,                 1.0979,                 1.0922,                0.55183,                0.57595,                0.52227,                0.35666,                0.55373,                  0.564,                 0.5117,                0.30963,                 1.0507,                 1.9318,                 1.0008,                  1.066,              0.0055384,              0.0055384,              0.0055384
                    678,                 1.1127,                 2.0796,                 1.0993,                 1.0926,                0.55287,                0.57534,                0.52232,                0.35668,                0.55195,                0.56534,                0.51179,                0.30969,                 1.0508,                 1.9318,                 1.0009,                 1.0661,              0.0055318,              0.0055318,              0.0055318
                    679,                 1.1138,                 2.0791,                 1.1038,                 1.0942,                0.55152,                0.57676,                0.52231,                0.35662,                0.55251,                0.56523,                0.51168,                 0.3095,                 1.0509,                  1.932,                 1.0009,                 1.0661,              0.0055252,              0.0055252,              0.0055252
                    680,                 1.1095,                 2.0722,                 1.0954,                 1.0904,                0.55159,                0.57743,                0.52219,                0.35659,                 0.5527,                0.56456,                0.51166,                0.30955,                  1.051,                 1.9321,                 1.0008,                 1.0661,              0.0055186,              0.0055186,              0.0055186
                    681,                 1.1142,                 2.0838,                 1.1023,                 1.0943,                0.55175,                0.57745,                0.52224,                0.35668,                0.55197,                0.56603,                 0.5119,                0.30956,                 1.0509,                  1.932,                 1.0009,                 1.0661,               0.005512,               0.005512,               0.005512
                    682,                 1.1122,                 2.0762,                 1.1028,                 1.0939,                0.55349,                0.57568,                0.52202,                0.35672,                0.55107,                0.56637,                0.51169,                0.30965,                  1.051,                 1.9317,                  1.001,                 1.0661,              0.0055054,              0.0055054,              0.0055054
                    683,                 1.1109,                 2.0735,                 1.1016,                 1.0916,                0.55262,                0.57546,                  0.522,                0.35657,                0.55043,                 0.5659,                0.51176,                0.30958,                 1.0509,                 1.9318,                  1.001,                 1.0659,              0.0054988,              0.0054988,              0.0054988
                    684,                 1.1083,                 2.0672,                 1.0978,                 1.0907,                0.55233,                0.57538,                0.52168,                0.35637,                0.55003,                0.56584,                0.51137,                0.30944,                 1.0508,                 1.9318,                 1.0009,                 1.0659,              0.0054922,              0.0054922,              0.0054922
                    685,                 1.1043,                  2.064,                 1.0988,                 1.0914,                0.55109,                0.57623,                0.52166,                0.35632,                0.54982,                0.56687,                0.51166,                0.30947,                 1.0508,                 1.9319,                 1.0009,                 1.0658,              0.0054856,              0.0054856,              0.0054856
                    686,                 1.1117,                 2.0771,                 1.0974,                 1.0912,                0.55179,                0.57642,                 0.5217,                0.35638,                0.54907,                 0.5676,                0.51148,                0.30953,                 1.0506,                 1.9315,                 1.0008,                 1.0658,               0.005479,               0.005479,               0.005479
                    687,                 1.1141,                 2.0798,                 1.1046,                 1.0941,                0.55173,                0.57619,                0.52178,                0.35641,                0.55073,                 0.5654,                0.51137,                0.30945,                 1.0506,                 1.9316,                 1.0009,                 1.0658,              0.0054724,              0.0054724,              0.0054724
                    688,                 1.1084,                 2.0696,                 1.0944,                 1.0891,                0.55118,                0.57601,                0.52167,                0.35621,                0.55014,                0.56492,                0.51123,                0.30946,                 1.0506,                 1.9316,                 1.0009,                 1.0657,              0.0054658,              0.0054658,              0.0054658
                    689,                 1.1119,                 2.0749,                 1.1005,                 1.0921,                0.55079,                0.57626,                0.52182,                0.35634,                0.54991,                0.56586,                0.51149,                0.30944,                 1.0508,                 1.9317,                 1.0008,                 1.0656,              0.0054592,              0.0054592,              0.0054592
                    690,                 1.1139,                 2.0764,                 1.0998,                 1.0908,                0.55005,                0.57614,                0.52147,                 0.3561,                0.54808,                0.56696,                0.51115,                0.30923,                 1.0507,                 1.9316,                 1.0009,                 1.0656,              0.0054526,              0.0054526,              0.0054526
                    691,                 1.1137,                 2.0746,                 1.0993,                 1.0913,                 0.5503,                0.57677,                0.52167,                0.35613,                0.55089,                0.56504,                0.51141,                0.30921,                 1.0509,                 1.9312,                 1.0009,                 1.0657,               0.005446,               0.005446,               0.005446
                    692,                 1.1109,                 2.0728,                 1.0992,                 1.0916,                0.55108,                0.57622,                0.52165,                0.35617,                0.55094,                0.56562,                0.51146,                0.30942,                 1.0508,                 1.9312,                 1.0009,                 1.0656,              0.0054394,              0.0054394,              0.0054394
                    693,                 1.1147,                  2.077,                 1.0993,                 1.0924,                0.55079,                0.57663,                0.52162,                0.35631,                0.55086,                0.56659,                0.51151,                0.30937,                 1.0509,                 1.9311,                 1.0009,                 1.0657,              0.0054328,              0.0054328,              0.0054328
                    694,                 1.1126,                 2.0746,                 1.0985,                 1.0909,                0.55189,                0.57693,                0.52167,                 0.3563,                0.55193,                0.56639,                 0.5117,                0.30935,                 1.0508,                 1.9311,                 1.0009,                 1.0657,              0.0054262,              0.0054262,              0.0054262
                    695,                 1.1153,                 2.0857,                 1.0991,                 1.0918,                0.55276,                0.57613,                0.52168,                0.35641,                0.55173,                0.56664,                0.51155,                0.30959,                 1.0509,                 1.9311,                 1.0009,                 1.0657,              0.0054196,              0.0054196,              0.0054196
                    696,                 1.1105,                 2.0731,                 1.1005,                 1.0911,                0.55296,                 0.5763,                0.52168,                0.35627,                0.55115,                0.56618,                0.51151,                0.30946,                 1.0511,                 1.9314,                 1.0009,                 1.0657,               0.005413,               0.005413,               0.005413
                    697,                 1.1113,                 2.0687,                 1.0955,                 1.0912,                0.55262,                0.57589,                0.52155,                0.35633,                0.55144,                0.56575,                0.51141,                0.30951,                 1.0512,                 1.9316,                 1.0009,                 1.0659,              0.0054064,              0.0054064,              0.0054064
                    698,                 1.1099,                 2.0753,                 1.0991,                 1.0905,                0.55248,                 0.5758,                0.52155,                0.35638,                0.55207,                0.56601,                0.51149,                0.30947,                 1.0511,                 1.9317,                 1.0009,                 1.0658,              0.0053998,              0.0053998,              0.0053998
                    699,                 1.1123,                 2.0826,                 1.1013,                 1.0931,                 0.5524,                0.57561,                0.52155,                0.35647,                 0.5528,                0.56475,                0.51145,                0.30939,                 1.0509,                 1.9315,                  1.001,                 1.0658,              0.0053932,              0.0053932,              0.0053932
                    700,                 1.1086,                  2.069,                 1.0967,                 1.0902,                 0.5525,                0.57516,                0.52141,                0.35646,                0.55212,                0.56552,                0.51126,                0.30921,                 1.0511,                 1.9318,                 1.0009,                 1.0658,              0.0053866,              0.0053866,              0.0053866
                    701,                 1.1124,                  2.073,                 1.1006,                 1.0918,                0.55283,                0.57494,                0.52163,                0.35637,                0.55215,                0.56529,                 0.5113,                 0.3092,                 1.0511,                 1.9317,                 1.0009,                 1.0659,                0.00538,                0.00538,                0.00538
                    702,                 1.1092,                 2.0724,                 1.0978,                 1.0921,                0.55281,                0.57459,                0.52162,                0.35644,                0.55206,                0.56513,                0.51141,                0.30919,                 1.0513,                 1.9315,                 1.0009,                 1.0659,              0.0053734,              0.0053734,              0.0053734
                    703,                 1.1138,                 2.0817,                 1.1023,                 1.0921,                0.55274,                0.57446,                0.52153,                0.35622,                0.55164,                0.56588,                0.51147,                0.30906,                 1.0514,                 1.9316,                 1.0009,                  1.066,              0.0053668,              0.0053668,              0.0053668
                    704,                  1.112,                 2.0703,                 1.0982,                 1.0921,                0.55137,                0.57575,                0.52138,                0.35623,                0.55123,                0.56581,                0.51121,                0.30912,                 1.0512,                 1.9313,                 1.0008,                 1.0659,              0.0053602,              0.0053602,              0.0053602
                    705,                 1.1105,                 2.0708,                 1.0943,                 1.0914,                0.55105,                0.57577,                0.52157,                 0.3563,                0.55164,                0.56568,                0.51097,                0.30918,                 1.0511,                 1.9311,                 1.0008,                 1.0658,              0.0053536,              0.0053536,              0.0053536
                    706,                 1.1096,                 2.0748,                 1.1037,                 1.0925,                0.55129,                0.57566,                0.52148,                0.35637,                 0.5515,                0.56533,                0.51101,                0.30922,                  1.051,                 1.9311,                 1.0007,                 1.0657,               0.005347,               0.005347,               0.005347
                    707,                 1.1122,                 2.0775,                 1.0985,                 1.0917,                0.55133,                0.57554,                0.52164,                0.35636,                0.55166,                0.56508,                0.51107,                0.30909,                 1.0509,                  1.931,                 1.0006,                 1.0657,              0.0053404,              0.0053404,              0.0053404
                    708,                 1.1113,                 2.0743,                 1.0992,                 1.0912,                0.55077,                0.57555,                0.52157,                0.35647,                0.55153,                0.56491,                0.51131,                0.30925,                 1.0509,                 1.9311,                 1.0006,                 1.0656,              0.0053338,              0.0053338,              0.0053338
                    709,                 1.1106,                 2.0755,                 1.0994,                 1.0929,                0.55206,                0.57419,                0.52169,                0.35646,                0.55351,                0.56313,                0.51129,                0.30931,                 1.0507,                  1.931,                 1.0004,                 1.0656,              0.0053272,              0.0053272,              0.0053272
                    710,                  1.112,                 2.0727,                 1.0986,                 1.0921,                0.55397,                0.57211,                0.52144,                0.35643,                 0.5531,                0.56377,                0.51139,                0.30925,                 1.0506,                 1.9308,                 1.0003,                 1.0655,              0.0053206,              0.0053206,              0.0053206
                    711,                 1.1074,                 2.0633,                 1.0963,                 1.0915,                0.55404,                0.57254,                0.52169,                0.35662,                0.55476,                0.56366,                0.51162,                0.30938,                 1.0504,                 1.9307,                 1.0002,                 1.0655,               0.005314,               0.005314,               0.005314
                    712,                 1.1122,                 2.0745,                 1.1004,                  1.092,                0.55394,                 0.5725,                0.52169,                0.35655,                0.55384,                0.56304,                0.51153,                0.30935,                 1.0503,                 1.9302,                 1.0001,                 1.0654,              0.0053074,              0.0053074,              0.0053074
                    713,                 1.1103,                 2.0727,                 1.0951,                  1.091,                 0.5534,                0.57211,                0.52144,                0.35651,                 0.5526,                 0.5638,                0.51145,                0.30941,                 1.0505,                 1.9301,                 1.0002,                 1.0654,              0.0053008,              0.0053008,              0.0053008
                    714,                 1.1092,                 2.0686,                 1.0939,                 1.0907,                0.55139,                0.57384,                0.52167,                0.35649,                0.55194,                0.56365,                0.51152,                0.30941,                 1.0505,                 1.9304,                 1.0003,                 1.0654,              0.0052942,              0.0052942,              0.0052942
                    715,                 1.1121,                  2.081,                 1.1028,                  1.091,                0.55136,                0.57362,                0.52149,                0.35656,                0.55136,                0.56497,                0.51172,                 0.3097,                 1.0503,                 1.9301,                 1.0003,                 1.0653,              0.0052876,              0.0052876,              0.0052876
                    716,                 1.1135,                 2.0798,                 1.1031,                 1.0924,                0.55042,                0.57442,                0.52149,                0.35647,                 0.5521,                0.56477,                0.51203,                0.30981,                 1.0503,                   1.93,                 1.0003,                 1.0653,               0.005281,               0.005281,               0.005281
                    717,                 1.1097,                 2.0701,                 1.0995,                 1.0913,                0.54972,                0.57523,                 0.5216,                0.35659,                 0.5514,                0.56438,                0.51199,                 0.3097,                 1.0502,                   1.93,                 1.0002,                 1.0653,              0.0052744,              0.0052744,              0.0052744
                    718,                 1.1086,                 2.0721,                 1.0999,                 1.0915,                0.55039,                0.57522,                0.52181,                0.35663,                 0.5512,                0.56489,                0.51211,                0.30967,                 1.0502,                   1.93,                 1.0002,                 1.0653,              0.0052678,              0.0052678,              0.0052678
                    719,                 1.1115,                  2.077,                 1.0974,                 1.0917,                0.54977,                0.57566,                0.52181,                0.35664,                0.55151,                 0.5646,                0.51201,                0.30964,                 1.0501,                 1.9302,                 1.0001,                 1.0652,              0.0052612,              0.0052612,              0.0052612
                    720,                 1.1124,                 2.0709,                 1.0984,                 1.0927,                0.55145,                0.57434,                0.52181,                0.35679,                0.55229,                0.56353,                 0.5119,                 0.3096,                   1.05,                 1.9301,                      1,                 1.0651,              0.0052546,              0.0052546,              0.0052546
                    721,                 1.1089,                 2.0704,                 1.0952,                 1.0905,                0.55144,                 0.5742,                0.52167,                0.35695,                 0.5518,                  0.565,                0.51189,                0.30962,                 1.0499,                 1.9302,                0.99995,                 1.0651,               0.005248,               0.005248,               0.005248
                    722,                 1.1095,                 2.0741,                 1.0955,                   1.09,                 0.5503,                0.57581,                0.52163,                0.35689,                0.55157,                0.56442,                0.51187,                0.30957,                 1.0497,                 1.9303,                      1,                 1.0651,              0.0052414,              0.0052414,              0.0052414
                    723,                 1.1127,                 2.0785,                 1.1004,                 1.0906,                0.55038,                0.57555,                0.52165,                0.35706,                0.55224,                0.56489,                0.51214,                0.30965,                 1.0496,                 1.9304,                0.99992,                 1.0651,              0.0052348,              0.0052348,              0.0052348
                    724,                 1.1075,                 2.0703,                 1.0972,                  1.089,                0.54924,                0.57592,                0.52174,                0.35709,                0.55289,                0.56357,                0.51228,                0.30981,                 1.0496,                 1.9304,                0.99993,                  1.065,              0.0052282,              0.0052282,              0.0052282
                    725,                  1.107,                 2.0681,                 1.0955,                 1.0898,                0.54949,                 0.5758,                0.52169,                0.35712,                0.55328,                0.56348,                0.51238,                0.30981,                 1.0495,                 1.9303,                0.99992,                 1.0649,              0.0052216,              0.0052216,              0.0052216
                    726,                 1.1094,                   2.07,                 1.0955,                 1.0919,                 0.5504,                0.57523,                0.52183,                0.35715,                0.55371,                0.56347,                0.51242,                0.30989,                 1.0494,                 1.9301,                      1,                 1.0649,               0.005215,               0.005215,               0.005215
                    727,                 1.1109,                 2.0785,                 1.0999,                 1.0922,                0.55017,                0.57539,                0.52185,                0.35724,                0.55384,                0.56315,                0.51238,                   0.31,                 1.0492,                 1.9299,                0.99997,                 1.0648,              0.0052084,              0.0052084,              0.0052084
                    728,                  1.117,                 2.0839,                 1.1044,                 1.0921,                0.55062,                0.57495,                0.52157,                0.35698,                0.55396,                0.56326,                0.51213,                 0.3098,                 1.0495,                 1.9298,                0.99995,                 1.0649,              0.0052018,              0.0052018,              0.0052018
                    729,                 1.1074,                 2.0654,                 1.0944,                 1.0896,                0.55275,                0.57324,                0.52164,                0.35694,                0.55296,                0.56362,                0.51212,                0.30974,                 1.0497,                 1.9299,                 0.9999,                 1.0649,              0.0051952,              0.0051952,              0.0051952
                    730,                 1.1058,                 2.0648,                 1.0968,                 1.0914,                0.55199,                0.57468,                0.52169,                0.35692,                0.55373,                0.56327,                0.51201,                0.30954,                 1.0495,                 1.9297,                 0.9998,                 1.0649,              0.0051886,              0.0051886,              0.0051886
                    731,                 1.1107,                 2.0687,                 1.0966,                 1.0898,                 0.5521,                0.57466,                 0.5217,                0.35693,                0.55295,                0.56425,                0.51204,                 0.3096,                 1.0495,                 1.9298,                0.99981,                 1.0649,               0.005182,               0.005182,               0.005182
                    732,                 1.1044,                  2.057,                 1.0956,                 1.0905,                0.55223,                0.57419,                0.52167,                0.35687,                0.55287,                0.56397,                0.51205,                0.30952,                 1.0497,                   1.93,                0.99979,                 1.0651,              0.0051754,              0.0051754,              0.0051754
                    733,                 1.1106,                 2.0753,                 1.0973,                 1.0904,                0.55251,                 0.5743,                0.52157,                0.35693,                0.55316,                0.56365,                0.51187,                 0.3095,                 1.0497,                   1.93,                0.99974,                 1.0651,              0.0051688,              0.0051688,              0.0051688
                    734,                 1.1097,                 2.0705,                 1.0946,                 1.0905,                0.55249,                0.57391,                0.52181,                0.35708,                0.55412,                0.56248,                0.51209,                0.30961,                 1.0496,                   1.93,                 0.9998,                  1.065,              0.0051622,              0.0051622,              0.0051622
                    735,                 1.1106,                 2.0727,                 1.0965,                 1.0901,                0.55237,                0.57384,                0.52181,                0.35703,                0.55229,                0.56436,                0.51204,                0.30951,                 1.0496,                 1.9298,                0.99964,                 1.0651,              0.0051556,              0.0051556,              0.0051556
                    736,                 1.1052,                 2.0636,                 1.0956,                 1.0923,                0.55258,                0.57379,                0.52194,                0.35703,                0.55329,                 0.5634,                0.51209,                 0.3096,                 1.0494,                 1.9294,                0.99959,                  1.065,               0.005149,               0.005149,               0.005149
                    737,                 1.1077,                 2.0678,                 1.0946,                 1.0909,                 0.5512,                0.57589,                0.52197,                0.35702,                0.55346,                0.56349,                0.51199,                0.30976,                 1.0494,                 1.9296,                0.99957,                  1.065,              0.0051424,              0.0051424,              0.0051424
                    738,                 1.1111,                 2.0774,                 1.0962,                 1.0906,                0.55118,                0.57616,                 0.5218,                0.35686,                0.55217,                0.56572,                0.51192,                0.30956,                 1.0495,                 1.9295,                0.99962,                  1.065,              0.0051358,              0.0051358,              0.0051358
                    739,                 1.1111,                  2.074,                 1.0973,                 1.0903,                0.55166,                0.57605,                0.52177,                0.35675,                0.54995,                0.56725,                0.51204,                0.30945,                 1.0496,                 1.9295,                0.99967,                  1.065,              0.0051292,              0.0051292,              0.0051292
                    740,                  1.107,                 2.0668,                 1.0941,                 1.0894,                0.55069,                0.57623,                0.52181,                0.35675,                0.54916,                0.56815,                0.51205,                0.30949,                 1.0496,                 1.9294,                 0.9996,                 1.0649,              0.0051226,              0.0051226,              0.0051226
                    741,                 1.1133,                  2.078,                 1.0991,                 1.0891,                0.55067,                 0.5783,                0.52215,                0.35665,                 0.5497,                0.56827,                0.51198,                0.30949,                 1.0495,                 1.9294,                0.99949,                 1.0649,               0.005116,               0.005116,               0.005116
                    742,                 1.1059,                  2.068,                 1.0959,                 1.0906,                0.55061,                0.57846,                0.52216,                0.35663,                0.55087,                0.56697,                0.51196,                0.30954,                 1.0495,                 1.9295,                0.99938,                 1.0648,              0.0051094,              0.0051094,              0.0051094
                    743,                  1.112,                 2.0785,                 1.0992,                 1.0918,                0.55178,                0.57718,                0.52231,                0.35661,                0.55071,                0.56561,                0.51212,                0.30949,                 1.0496,                 1.9296,                0.99948,                 1.0649,              0.0051028,              0.0051028,              0.0051028
                    744,                 1.1049,                 2.0632,                 1.0926,                 1.0889,                  0.552,                0.57695,                0.52242,                 0.3568,                0.55084,                0.56539,                0.51219,                0.30962,                 1.0493,                 1.9292,                0.99947,                 1.0647,              0.0050962,              0.0050962,              0.0050962
                    745,                 1.1122,                 2.0794,                 1.0944,                 1.0905,                0.55187,                 0.5771,                0.52246,                0.35679,                0.55161,                0.56484,                 0.5123,                 0.3096,                 1.0494,                 1.9293,                0.99957,                 1.0647,              0.0050896,              0.0050896,              0.0050896
                    746,                 1.1079,                 2.0666,                 1.0963,                 1.0903,                0.55102,                0.57782,                0.52231,                0.35681,                0.55103,                 0.5659,                0.51231,                0.30965,                 1.0492,                 1.9295,                0.99951,                 1.0647,               0.005083,               0.005083,               0.005083
                    747,                 1.1099,                 2.0707,                 1.0909,                 1.0907,                0.55141,                  0.578,                0.52242,                0.35695,                0.55057,                0.56746,                0.51222,                0.30953,                 1.0491,                 1.9293,                0.99952,                 1.0646,              0.0050764,              0.0050764,              0.0050764
                    748,                 1.1121,                 2.0795,                 1.0982,                   1.09,                0.55086,                0.57785,                0.52233,                0.35687,                0.55108,                0.56636,                0.51216,                0.30964,                 1.0492,                 1.9294,                0.99964,                 1.0647,              0.0050698,              0.0050698,              0.0050698
                    749,                 1.1113,                 2.0758,                  1.095,                 1.0905,                0.55145,                0.57847,                0.52258,                0.35695,                0.55265,                0.56573,                0.51234,                0.30977,                 1.0493,                 1.9295,                0.99972,                 1.0647,              0.0050632,              0.0050632,              0.0050632
                    750,                 1.1091,                 2.0734,                 1.0973,                 1.0915,                0.55129,                 0.5793,                0.52257,                0.35702,                0.55225,                0.56589,                0.51236,                0.30969,                 1.0496,                 1.9294,                0.99965,                 1.0648,              0.0050566,              0.0050566,              0.0050566
                    751,                 1.1105,                 2.0722,                 1.0995,                 1.0919,                0.55013,                0.58017,                0.52248,                0.35702,                0.55249,                0.56718,                0.51241,                0.30969,                 1.0497,                 1.9295,                0.99978,                 1.0648,                0.00505,                0.00505,                0.00505
                    752,                 1.1044,                 2.0661,                 1.0949,                 1.0899,                 0.5504,                0.57998,                0.52253,                0.35706,                0.55282,                0.56696,                0.51252,                 0.3097,                 1.0497,                 1.9297,                0.99979,                 1.0648,              0.0050434,              0.0050434,              0.0050434
                    753,                 1.1118,                  2.074,                  1.092,                 1.0897,                0.55171,                0.57858,                0.52239,                0.35714,                0.55357,                0.56582,                0.51254,                0.30972,                 1.0496,                 1.9299,                0.99979,                 1.0649,              0.0050368,              0.0050368,              0.0050368
                    754,                 1.1064,                 2.0676,                  1.093,                 1.0899,                0.55182,                0.57802,                 0.5224,                0.35711,                0.55305,                0.56592,                0.51254,                0.30981,                 1.0496,                 1.9301,                0.99977,                 1.0648,              0.0050302,              0.0050302,              0.0050302
                    755,                 1.1091,                 2.0695,                 1.0942,                 1.0879,                0.55092,                0.57869,                0.52239,                0.35707,                0.55266,                0.56737,                0.51249,                0.30965,                 1.0498,                 1.9302,                0.99968,                 1.0649,              0.0050236,              0.0050236,              0.0050236
                    756,                 1.1108,                 2.0732,                 1.0925,                 1.0886,                0.55037,                0.57997,                0.52234,                0.35703,                0.55318,                0.56646,                0.51254,                0.30967,                 1.0497,                 1.9301,                0.99968,                 1.0649,               0.005017,               0.005017,               0.005017
                    757,                 1.1068,                 2.0675,                 1.0925,                 1.0883,                0.55103,                0.57903,                0.52239,                0.35702,                0.55272,                0.56737,                0.51285,                0.30962,                 1.0498,                 1.9302,                0.99967,                 1.0649,              0.0050104,              0.0050104,              0.0050104
                    758,                 1.1093,                 2.0725,                 1.0942,                 1.0904,                0.55094,                0.57814,                0.52251,                0.35708,                0.55384,                0.56625,                0.51286,                0.30969,                 1.0499,                 1.9301,                0.99967,                 1.0649,              0.0050038,              0.0050038,              0.0050038
                    759,                 1.1082,                 2.0698,                 1.0946,                 1.0898,                0.55292,                0.57681,                0.52261,                0.35717,                0.55415,                0.56587,                0.51285,                0.30978,                 1.0498,                 1.9296,                0.99966,                 1.0649,              0.0049972,              0.0049972,              0.0049972
                    760,                 1.1095,                  2.072,                 1.0915,                 1.0893,                0.55234,                 0.5772,                0.52271,                0.35712,                0.55366,                0.56588,                0.51275,                0.30975,                 1.0498,                 1.9296,                0.99958,                 1.0649,              0.0049906,              0.0049906,              0.0049906
                    761,                  1.104,                 2.0627,                 1.0936,                 1.0882,                0.55341,                0.57688,                0.52259,                0.35702,                0.55394,                0.56581,                0.51278,                0.30975,                   1.05,                 1.9297,                0.99958,                 1.0649,               0.004984,               0.004984,               0.004984
                    762,                 1.1071,                 2.0661,                 1.0951,                 1.0909,                0.55327,                0.57604,                 0.5226,                0.35704,                0.55525,                0.56425,                0.51269,                0.30972,                   1.05,                 1.9297,                0.99949,                 1.0649,              0.0049774,              0.0049774,              0.0049774
                    763,                 1.1073,                 2.0675,                 1.0946,                 1.0902,                0.55278,                0.57569,                0.52272,                0.35717,                0.55546,                0.56455,                0.51313,                 0.3099,                 1.0502,                 1.9297,                0.99958,                  1.065,              0.0049708,              0.0049708,              0.0049708
                    764,                 1.1107,                 2.0745,                 1.0958,                 1.0899,                0.55255,                0.57574,                0.52274,                0.35716,                0.55373,                0.56612,                0.51317,                0.31003,                 1.0503,                 1.9294,                0.99966,                  1.065,              0.0049642,              0.0049642,              0.0049642
                    765,                 1.1058,                 2.0661,                 1.0891,                 1.0888,                0.55253,                 0.5759,                 0.5227,                 0.3571,                0.55431,                0.56602,                0.51311,                0.30992,                 1.0504,                 1.9294,                 0.9996,                  1.065,              0.0049576,              0.0049576,              0.0049576
                    766,                 1.1127,                  2.072,                 1.0976,                 1.0896,                0.55201,                0.57713,                0.52278,                0.35704,                0.55461,                0.56574,                0.51299,                0.30983,                 1.0505,                 1.9296,                0.99945,                 1.0651,               0.004951,               0.004951,               0.004951
                    767,                 1.1106,                 2.0725,                 1.0942,                 1.0909,                0.55301,                0.57639,                0.52294,                0.35711,                0.55422,                  0.566,                0.51317,                0.31001,                 1.0506,                 1.9294,                0.99935,                 1.0652,              0.0049444,              0.0049444,              0.0049444
                    768,                 1.1089,                 2.0687,                 1.0947,                 1.0901,                0.55321,                0.57675,                0.52288,                0.35702,                0.55417,                0.56595,                0.51316,                0.30999,                 1.0506,                 1.9294,                0.99934,                 1.0651,              0.0049378,              0.0049378,              0.0049378
                    769,                 1.1079,                 2.0677,                 1.0937,                 1.0894,                0.55325,                0.57656,                0.52291,                0.35718,                0.55365,                0.56657,                0.51328,                0.31014,                 1.0507,                 1.9295,                0.99938,                 1.0652,              0.0049312,              0.0049312,              0.0049312
                    770,                 1.1075,                 2.0684,                 1.0934,                 1.0896,                0.55273,                0.57693,                0.52299,                0.35716,                0.55304,                0.56772,                0.51328,                0.31017,                 1.0507,                 1.9295,                0.99937,                 1.0651,              0.0049246,              0.0049246,              0.0049246
                    771,                  1.109,                 2.0721,                 1.0953,                 1.0893,                0.55279,                0.57724,                0.52285,                0.35706,                0.55435,                0.56649,                0.51325,                0.31006,                 1.0505,                 1.9294,                0.99925,                 1.0651,               0.004918,               0.004918,               0.004918
                    772,                 1.1078,                 2.0696,                 1.0936,                  1.088,                0.55242,                 0.5774,                0.52297,                0.35714,                0.55386,                 0.5674,                0.51305,                0.30996,                 1.0503,                 1.9292,                 0.9993,                  1.065,              0.0049114,              0.0049114,              0.0049114
                    773,                 1.1083,                 2.0672,                 1.0925,                 1.0889,                0.55252,                0.57713,                0.52279,                0.35709,                0.55331,                0.56692,                0.51295,                0.30999,                 1.0502,                 1.9291,                0.99935,                 1.0649,              0.0049048,              0.0049048,              0.0049048
                    774,                 1.1075,                 2.0659,                 1.0947,                 1.0897,                0.55058,                0.57943,                0.52285,                0.35706,                0.55228,                0.56791,                0.51281,                0.31001,                 1.0499,                 1.9292,                0.99925,                 1.0648,              0.0048982,              0.0048982,              0.0048982
                    775,                 1.1072,                 2.0668,                 1.0942,                 1.0897,                0.55112,                0.57935,                0.52299,                 0.3572,                0.55331,                0.56817,                0.51307,                0.31015,                 1.0499,                  1.929,                0.99914,                 1.0647,              0.0048916,              0.0048916,              0.0048916
                    776,                 1.1066,                 2.0678,                  1.093,                 1.0886,                0.55166,                0.57891,                0.52296,                0.35728,                0.55314,                0.56836,                0.51312,                 0.3102,                 1.0499,                 1.9291,                0.99906,                 1.0648,               0.004885,               0.004885,               0.004885
                    777,                 1.1077,                 2.0683,                 1.0939,                 1.0892,                0.55171,                0.57857,                0.52289,                0.35721,                0.55347,                0.56739,                0.51308,                0.31002,                 1.0497,                 1.9292,                0.99892,                 1.0646,              0.0048784,              0.0048784,              0.0048784
                    778,                 1.1093,                 2.0728,                 1.0934,                 1.0905,                0.55065,                0.57915,                0.52287,                0.35723,                0.55399,                0.56722,                0.51317,                0.31012,                 1.0497,                 1.9287,                0.99883,                 1.0646,              0.0048718,              0.0048718,              0.0048718
                    779,                 1.1042,                 2.0611,                 1.0886,                  1.088,                 0.5517,                0.57855,                0.52284,                0.35721,                0.55369,                0.56682,                0.51316,                0.31015,                 1.0497,                 1.9286,                0.99874,                 1.0646,              0.0048652,              0.0048652,              0.0048652
                    780,                 1.1078,                 2.0684,                 1.0938,                 1.0895,                0.55107,                0.57833,                0.52276,                0.35709,                0.55376,                0.56722,                0.51326,                0.31025,                 1.0496,                 1.9288,                0.99874,                 1.0646,              0.0048586,              0.0048586,              0.0048586
                    781,                 1.1044,                 2.0596,                 1.0901,                 1.0879,                0.55247,                0.57765,                0.52285,                0.35721,                0.55377,                0.56741,                0.51321,                0.31011,                 1.0497,                 1.9288,                0.99871,                 1.0647,               0.004852,               0.004852,               0.004852
                    782,                 1.1071,                 2.0688,                 1.0948,                 1.0893,                0.55225,                0.57744,                0.52276,                 0.3573,                0.55421,                 0.5673,                0.51321,                0.31014,                 1.0496,                 1.9287,                0.99866,                 1.0646,              0.0048454,              0.0048454,              0.0048454
                    783,                 1.1065,                 2.0652,                 1.0885,                 1.0872,                0.55301,                0.57752,                0.52288,                 0.3574,                0.55346,                0.56704,                0.51301,                0.31005,                 1.0496,                 1.9283,                0.99865,                 1.0646,              0.0048388,              0.0048388,              0.0048388
                    784,                 1.1073,                 2.0636,                 1.0901,                 1.0893,                0.55244,                0.57784,                0.52273,                0.35724,                0.55341,                0.56778,                0.51306,                0.31002,                 1.0495,                 1.9281,                0.99867,                 1.0645,              0.0048322,              0.0048322,              0.0048322
                    785,                  1.109,                  2.068,                 1.0943,                 1.0909,                0.55319,                0.57754,                0.52267,                0.35727,                0.55317,                0.56737,                0.51288,                0.31013,                 1.0494,                 1.9281,                0.99867,                 1.0645,              0.0048256,              0.0048256,              0.0048256
                    786,                 1.1075,                  2.067,                 1.0915,                 1.0894,                0.55332,                0.57723,                0.52245,                0.35722,                0.55404,                0.56723,                0.51286,                0.31013,                 1.0494,                 1.9282,                0.99859,                 1.0645,               0.004819,               0.004819,               0.004819
                    787,                 1.1056,                 2.0638,                 1.0912,                 1.0889,                0.55362,                0.57683,                0.52243,                0.35724,                  0.554,                0.56628,                0.51253,                0.31014,                 1.0492,                 1.9279,                0.99846,                 1.0644,              0.0048124,              0.0048124,              0.0048124
                    788,                 1.1067,                 2.0661,                 1.0888,                 1.0884,                0.55455,                0.57527,                0.52248,                 0.3573,                 0.5544,                0.56537,                0.51249,                0.31008,                 1.0492,                 1.9278,                0.99858,                 1.0644,              0.0048058,              0.0048058,              0.0048058
                    789,                 1.1061,                 2.0614,                 1.0908,                   1.09,                0.55359,                0.57653,                0.52245,                0.35721,                0.55407,                0.56608,                0.51243,                0.30996,                 1.0492,                 1.9278,                0.99853,                 1.0644,              0.0047992,              0.0047992,              0.0047992
                    790,                 1.1088,                 2.0692,                 1.0925,                  1.089,                0.55324,                0.57675,                0.52255,                 0.3572,                0.55512,                0.56657,                0.51257,                0.31004,                 1.0494,                 1.9278,                0.99859,                 1.0644,              0.0047926,              0.0047926,              0.0047926
                    791,                 1.1072,                 2.0715,                 1.0938,                 1.0892,                0.55417,                0.57738,                0.52267,                0.35729,                0.55512,                0.56683,                0.51272,                0.31009,                 1.0494,                 1.9277,                 0.9986,                 1.0644,               0.004786,               0.004786,               0.004786
                    792,                 1.1073,                 2.0636,                 1.0908,                 1.0885,                0.55426,                0.57697,                0.52264,                0.35713,                0.55422,                0.56694,                0.51256,                0.30997,                 1.0494,                 1.9276,                0.99864,                 1.0643,              0.0047794,              0.0047794,              0.0047794
                    793,                 1.1059,                 2.0616,                 1.0919,                 1.0902,                0.55443,                0.57577,                0.52256,                0.35716,                0.55447,                0.56732,                0.51278,                0.30994,                 1.0494,                 1.9278,                0.99879,                 1.0643,              0.0047728,              0.0047728,              0.0047728
                    794,                 1.1077,                 2.0659,                 1.0907,                 1.0891,                0.55509,                0.57585,                0.52262,                 0.3572,                0.55483,                0.56687,                0.51271,                0.30997,                 1.0495,                 1.9277,                0.99885,                 1.0644,              0.0047662,              0.0047662,              0.0047662
                    795,                 1.1048,                 2.0583,                 1.0927,                  1.089,                0.55327,                0.57767,                0.52261,                0.35724,                0.55531,                0.56716,                0.51254,                0.30991,                 1.0494,                 1.9277,                0.99877,                 1.0643,              0.0047596,              0.0047596,              0.0047596
                    796,                 1.1063,                 2.0654,                 1.0921,                 1.0891,                 0.5541,                0.57788,                0.52278,                0.35728,                0.55537,                0.56685,                0.51268,                0.30998,                 1.0494,                 1.9276,                0.99869,                 1.0644,               0.004753,               0.004753,               0.004753
                    797,                 1.1054,                 2.0637,                 1.0912,                 1.0888,                0.55427,                0.57761,                0.52272,                0.35728,                 0.5549,                0.56622,                0.51248,                 0.3099,                 1.0494,                 1.9275,                0.99872,                 1.0644,              0.0047464,              0.0047464,              0.0047464
                    798,                 1.1089,                 2.0654,                 1.0926,                 1.0878,                0.55371,                0.57783,                0.52277,                0.35731,                0.55472,                0.56632,                0.51248,                0.30988,                 1.0494,                 1.9276,                 0.9985,                 1.0645,              0.0047398,              0.0047398,              0.0047398
                    799,                 1.1067,                 2.0658,                 1.0887,                 1.0873,                0.55309,                0.57921,                0.52286,                0.35735,                0.55473,                0.56633,                0.51247,                0.31008,                 1.0493,                 1.9272,                0.99841,                 1.0644,              0.0047332,              0.0047332,              0.0047332
                    800,                 1.1084,                 2.0727,                  1.093,                 1.0901,                0.55275,                0.57922,                0.52286,                0.35733,                0.55455,                0.56594,                0.51262,                0.31011,                 1.0492,                 1.9271,                0.99848,                 1.0644,              0.0047266,              0.0047266,              0.0047266
                    801,                 1.1096,                 2.0741,                 1.0912,                 1.0879,                0.55255,                0.57907,                0.52288,                 0.3574,                0.55374,                0.56799,                0.51278,                0.31018,                 1.0489,                 1.9267,                0.99839,                 1.0642,                0.00472,                0.00472,                0.00472
                    802,                 1.1092,                 2.0707,                  1.092,                 1.0882,                0.55261,                0.57923,                 0.5228,                0.35744,                0.55175,                  0.569,                0.51278,                 0.3103,                 1.0489,                 1.9265,                0.99827,                 1.0642,              0.0047134,              0.0047134,              0.0047134
                    803,                 1.1096,                 2.0633,                 1.0899,                 1.0886,                0.55221,                0.57907,                0.52277,                0.35744,                0.55142,                0.56871,                0.51274,                0.31019,                 1.0489,                 1.9267,                0.99831,                 1.0642,              0.0047068,              0.0047068,              0.0047068
                    804,                 1.1079,                 2.0653,                 1.0911,                  1.089,                0.55139,                0.57983,                0.52297,                0.35742,                0.55181,                0.56872,                0.51278,                0.31029,                 1.0488,                 1.9266,                 0.9983,                 1.0641,              0.0047002,              0.0047002,              0.0047002
                    805,                 1.1085,                 2.0667,                  1.091,                 1.0904,                0.55188,                0.57924,                0.52282,                0.35742,                 0.5513,                0.56854,                0.51285,                0.31032,                  1.049,                 1.9266,                0.99843,                 1.0643,              0.0046936,              0.0046936,              0.0046936
                    806,                 1.1062,                 2.0674,                 1.0913,                 1.0893,                 0.5509,                0.57943,                0.52267,                0.35738,                0.55151,                0.56849,                0.51269,                0.31035,                 1.0491,                 1.9267,                0.99837,                 1.0643,               0.004687,               0.004687,               0.004687
                    807,                 1.1061,                 2.0619,                 1.0906,                 1.0891,                0.55129,                0.57956,                0.52289,                0.35745,                0.55085,                0.56878,                0.51274,                0.31038,                 1.0492,                 1.9267,                0.99827,                 1.0644,              0.0046804,              0.0046804,              0.0046804
                    808,                 1.1085,                 2.0669,                 1.0884,                  1.088,                0.55172,                0.57911,                0.52283,                0.35755,                0.54999,                0.56919,                0.51231,                 0.3103,                 1.0492,                 1.9266,                 0.9982,                 1.0644,              0.0046738,              0.0046738,              0.0046738
                    809,                 1.1056,                 2.0633,                 1.0868,                 1.0884,                0.55145,                0.57942,                0.52289,                0.35748,                0.55001,                0.56915,                0.51259,                0.31032,                 1.0493,                 1.9267,                0.99814,                 1.0644,              0.0046672,              0.0046672,              0.0046672
                    810,                 1.1096,                  2.065,                 1.0909,                 1.0886,                0.55241,                0.57847,                0.52291,                0.35761,                0.55106,                0.56938,                0.51243,                0.31029,                 1.0493,                 1.9266,                0.99811,                 1.0644,              0.0046606,              0.0046606,              0.0046606
                    811,                 1.1069,                 2.0668,                 1.0875,                 1.0888,                0.55283,                0.57864,                  0.523,                 0.3576,                0.55119,                0.57053,                0.51284,                0.31035,                 1.0492,                 1.9269,                0.99806,                 1.0643,               0.004654,               0.004654,               0.004654
                    812,                 1.1099,                 2.0744,                 1.0941,                 1.0892,                0.55266,                0.57849,                0.52295,                0.35756,                0.55109,                0.57045,                0.51258,                0.31041,                 1.0493,                 1.9269,                0.99797,                 1.0643,              0.0046474,              0.0046474,              0.0046474
                    813,                 1.1062,                 2.0659,                 1.0893,                 1.0873,                0.55272,                0.57848,                0.52299,                0.35754,                0.55184,                0.57005,                 0.5128,                 0.3104,                 1.0493,                 1.9268,                0.99788,                 1.0642,              0.0046408,              0.0046408,              0.0046408
                    814,                 1.1085,                 2.0672,                 1.0932,                 1.0896,                0.55194,                0.57943,                0.52315,                0.35741,                0.55157,                0.57028,                0.51268,                0.31047,                 1.0493,                 1.9271,                0.99788,                 1.0642,              0.0046342,              0.0046342,              0.0046342
                    815,                  1.104,                 2.0601,                 1.0911,                 1.0869,                 0.5527,                0.57826,                0.52313,                 0.3575,                0.55223,                0.56998,                0.51279,                0.31047,                 1.0493,                 1.9271,                0.99784,                 1.0642,              0.0046276,              0.0046276,              0.0046276
                    816,                  1.108,                 2.0682,                 1.0917,                 1.0871,                 0.5529,                0.57822,                0.52316,                0.35769,                 0.5523,                0.56978,                0.51309,                0.31064,                 1.0493,                  1.927,                0.99785,                 1.0642,               0.004621,               0.004621,               0.004621
                    817,                 1.1083,                 2.0661,                  1.092,                 1.0897,                 0.5538,                0.57811,                0.52321,                0.35769,                0.55426,                0.56881,                 0.5131,                0.31069,                 1.0493,                 1.9269,                0.99777,                 1.0642,              0.0046144,              0.0046144,              0.0046144
                    818,                 1.1057,                 2.0641,                 1.0853,                 1.0866,                0.55335,                0.57778,                0.52325,                0.35779,                0.55424,                0.56755,                0.51301,                0.31086,                 1.0492,                 1.9269,                0.99765,                 1.0642,              0.0046078,              0.0046078,              0.0046078
                    819,                 1.1106,                 2.0735,                 1.0916,                 1.0899,                0.55174,                0.57988,                0.52336,                0.35795,                0.55241,                0.56935,                0.51342,                0.31092,                 1.0491,                 1.9267,                0.99759,                 1.0642,              0.0046012,              0.0046012,              0.0046012
                    820,                 1.1016,                 2.0565,                 1.0852,                 1.0853,                0.55215,                0.57995,                0.52335,                0.35793,                 0.5526,                0.56892,                0.51327,                0.31078,                 1.0493,                 1.9268,                0.99753,                 1.0644,              0.0045946,              0.0045946,              0.0045946
                    821,                 1.1036,                  2.058,                 1.0846,                 1.0862,                0.55241,                0.57879,                0.52338,                0.35795,                0.55311,                0.56771,                0.51318,                0.31079,                 1.0492,                  1.927,                0.99736,                 1.0643,               0.004588,               0.004588,               0.004588
                    822,                  1.102,                 2.0584,                 1.0893,                  1.087,                0.55302,                0.57756,                0.52311,                0.35787,                0.55254,                0.56928,                0.51313,                0.31084,                 1.0492,                 1.9269,                0.99745,                 1.0643,              0.0045814,              0.0045814,              0.0045814
                    823,                 1.1033,                 2.0633,                  1.091,                 1.0881,                0.55176,                0.57863,                0.52314,                0.35791,                0.55246,                0.56958,                0.51323,                0.31095,                 1.0489,                 1.9269,                0.99735,                 1.0643,              0.0045748,              0.0045748,              0.0045748
                    824,                 1.1064,                 2.0622,                 1.0911,                  1.088,                0.55147,                0.57987,                0.52334,                0.35787,                0.55245,                0.56946,                0.51329,                0.31098,                  1.049,                 1.9268,                 0.9973,                 1.0642,              0.0045682,              0.0045682,              0.0045682
                    825,                  1.105,                 2.0659,                 1.0892,                 1.0874,                0.55142,                 0.5797,                 0.5233,                0.35776,                0.55232,                0.56983,                0.51359,                0.31097,                 1.0491,                 1.9265,                0.99723,                 1.0642,              0.0045616,              0.0045616,              0.0045616
                    826,                 1.1046,                 2.0632,                 1.0884,                 1.0867,                0.55084,                0.57983,                 0.5233,                0.35773,                0.55181,                0.56948,                0.51363,                0.31102,                 1.0491,                 1.9264,                0.99712,                 1.0642,               0.004555,               0.004555,               0.004555
                    827,                 1.1033,                 2.0612,                 1.0873,                 1.0867,                0.54938,                0.58111,                0.52323,                0.35778,                0.55112,                0.56978,                0.51372,                0.31103,                 1.0491,                 1.9264,                0.99699,                 1.0642,              0.0045484,              0.0045484,              0.0045484
                    828,                 1.1063,                 2.0624,                 1.0857,                 1.0856,                0.54983,                0.58058,                0.52335,                0.35776,                0.55104,                0.56962,                0.51325,                0.31099,                 1.0492,                 1.9265,                0.99692,                 1.0641,              0.0045418,              0.0045418,              0.0045418
                    829,                 1.1071,                  2.068,                 1.0927,                 1.0893,                0.54967,                0.58058,                0.52361,                 0.3578,                 0.5519,                0.56934,                0.51346,                0.31088,                 1.0493,                 1.9265,                0.99698,                 1.0641,              0.0045352,              0.0045352,              0.0045352
                    830,                 1.1061,                 2.0616,                 1.0895,                 1.0866,                0.54995,                0.58007,                0.52345,                0.35789,                0.55193,                0.56882,                0.51372,                0.31091,                 1.0494,                 1.9264,                0.99698,                 1.0641,              0.0045286,              0.0045286,              0.0045286
                    831,                 1.1064,                 2.0644,                  1.088,                 1.0878,                0.55032,                0.58102,                0.52353,                0.35799,                0.55126,                0.56905,                0.51349,                0.31091,                 1.0492,                 1.9264,                0.99693,                  1.064,               0.004522,               0.004522,               0.004522
                    832,                  1.105,                  2.064,                 1.0865,                 1.0877,                0.55164,                0.57967,                0.52375,                0.35801,                0.55157,                 0.5687,                0.51369,                0.31096,                 1.0492,                 1.9264,                0.99701,                 1.0639,              0.0045154,              0.0045154,              0.0045154
                    833,                  1.105,                 2.0623,                 1.0905,                 1.0883,                0.55164,                0.58069,                 0.5238,                 0.3581,                0.55243,                0.56915,                0.51382,                0.31107,                 1.0491,                  1.926,                0.99683,                 1.0639,              0.0045088,              0.0045088,              0.0045088
                    834,                 1.1067,                 2.0692,                 1.0947,                 1.0885,                0.55103,                0.58062,                0.52359,                0.35808,                0.55283,                0.56879,                0.51381,                0.31117,                 1.0491,                  1.926,                0.99682,                 1.0639,              0.0045022,              0.0045022,              0.0045022
                    835,                  1.106,                 2.0627,                 1.0875,                 1.0895,                0.55283,                0.57889,                0.52366,                0.35823,                0.55391,                 0.5693,                0.51401,                0.31126,                  1.049,                 1.9261,                0.99683,                 1.0638,              0.0044956,              0.0044956,              0.0044956
                    836,                  1.103,                 2.0545,                 1.0829,                 1.0857,                0.55313,                0.57928,                0.52393,                0.35836,                0.55468,                0.56703,                0.51397,                0.31119,                 1.0489,                 1.9262,                0.99677,                 1.0639,               0.004489,               0.004489,               0.004489
                    837,                 1.1025,                 2.0567,                 1.0859,                 1.0852,                0.55352,                0.57817,                0.52391,                0.35841,                0.55447,                0.56747,                0.51412,                0.31135,                  1.049,                 1.9263,                0.99666,                 1.0638,              0.0044824,              0.0044824,              0.0044824
                    838,                 1.1039,                 2.0576,                 1.0884,                 1.0862,                0.55331,                0.57852,                0.52396,                0.35856,                0.55454,                 0.5673,                0.51414,                0.31134,                  1.049,                 1.9264,                0.99652,                 1.0637,              0.0044758,              0.0044758,              0.0044758
                    839,                 1.1039,                 2.0579,                  1.089,                 1.0869,                 0.5531,                0.57768,                 0.5237,                0.35836,                0.55442,                0.56711,                0.51422,                 0.3113,                  1.049,                 1.9263,                 0.9964,                 1.0637,              0.0044692,              0.0044692,              0.0044692
                    840,                 1.1048,                 2.0607,                 1.0865,                 1.0862,                0.55366,                0.57758,                0.52396,                0.35843,                0.55423,                0.56632,                 0.5142,                0.31142,                  1.049,                 1.9261,                0.99647,                 1.0637,              0.0044626,              0.0044626,              0.0044626
                    841,                 1.1045,                 2.0614,                  1.085,                 1.0865,                0.55412,                0.57764,                0.52433,                0.35858,                0.55435,                0.56623,                0.51442,                0.31159,                 1.0491,                 1.9262,                0.99652,                 1.0636,               0.004456,               0.004456,               0.004456
                    842,                 1.1036,                 2.0608,                 1.0851,                 1.0869,                0.55524,                0.57593,                0.52422,                0.35868,                 0.5544,                0.56608,                0.51455,                0.31164,                 1.0491,                 1.9262,                0.99668,                 1.0637,              0.0044494,              0.0044494,              0.0044494
                    843,                 1.1029,                  2.054,                 1.0892,                 1.0861,                 0.5557,                0.57591,                0.52436,                0.35865,                0.55418,                0.56631,                0.51457,                0.31158,                 1.0491,                 1.9262,                 0.9967,                 1.0636,              0.0044428,              0.0044428,              0.0044428
                    844,                 1.1026,                 2.0583,                  1.086,                 1.0868,                0.55605,                0.57613,                0.52457,                 0.3586,                0.55468,                0.56682,                0.51463,                0.31144,                 1.0491,                  1.926,                0.99655,                 1.0636,              0.0044362,              0.0044362,              0.0044362
                    845,                 1.1061,                 2.0581,                 1.0874,                 1.0868,                0.55476,                0.57779,                0.52483,                0.35887,                0.55494,                0.56653,                0.51462,                0.31156,                 1.0491,                 1.9262,                0.99656,                 1.0636,              0.0044296,              0.0044296,              0.0044296
                    846,                 1.1003,                 2.0509,                 1.0802,                 1.0852,                0.55404,                0.57852,                0.52491,                 0.3589,                0.55424,                0.56727,                0.51476,                0.31165,                  1.049,                  1.926,                0.99641,                 1.0636,               0.004423,               0.004423,               0.004423
                    847,                 1.1066,                 2.0613,                 1.0834,                 1.0872,                0.55391,                0.57859,                 0.5248,                0.35878,                0.55478,                0.56709,                0.51477,                0.31162,                  1.049,                  1.926,                 0.9965,                 1.0636,              0.0044164,              0.0044164,              0.0044164
                    848,                 1.0997,                 2.0512,                 1.0788,                 1.0844,                0.55442,                0.57785,                0.52481,                0.35875,                0.55412,                0.56693,                0.51477,                0.31143,                 1.0489,                 1.9262,                0.99641,                 1.0635,              0.0044098,              0.0044098,              0.0044098
                    849,                  1.101,                 2.0553,                 1.0829,                  1.084,                 0.5545,                0.57796,                0.52468,                0.35881,                0.55503,                0.56667,                0.51491,                0.31151,                 1.0488,                 1.9261,                0.99648,                 1.0634,              0.0044032,              0.0044032,              0.0044032
                    850,                  1.105,                 2.0626,                 1.0892,                 1.0883,                0.55442,                0.57767,                0.52464,                 0.3588,                0.55487,                0.56648,                0.51489,                0.31147,                 1.0485,                 1.9263,                0.99647,                 1.0633,              0.0043966,              0.0043966,              0.0043966
                    851,                 1.1015,                 2.0545,                 1.0823,                 1.0861,                0.55433,                0.57796,                0.52463,                0.35889,                0.55491,                0.56684,                0.51486,                0.31138,                 1.0485,                  1.926,                0.99645,                 1.0631,                0.00439,                0.00439,                0.00439
                    852,                 1.0998,                 2.0563,                  1.082,                  1.085,                0.55277,                0.57861,                0.52457,                0.35885,                0.55441,                0.56737,                0.51492,                0.31145,                 1.0485,                 1.9261,                0.99645,                 1.0631,              0.0043834,              0.0043834,              0.0043834
                    853,                 1.1011,                 2.0499,                 1.0825,                 1.0865,                0.55377,                0.57746,                0.52474,                0.35879,                0.55546,                0.56681,                0.51495,                 0.3114,                 1.0484,                 1.9257,                0.99648,                  1.063,              0.0043768,              0.0043768,              0.0043768
                    854,                 1.1054,                 2.0606,                 1.0855,                 1.0881,                0.55286,                0.57998,                0.52488,                0.35887,                0.55648,                0.56563,                0.51496,                0.31134,                 1.0485,                 1.9257,                0.99647,                 1.0631,              0.0043702,              0.0043702,              0.0043702
                    855,                 1.1035,                 2.0599,                 1.0857,                 1.0867,                0.55242,                0.58052,                0.52478,                0.35887,                0.55558,                0.56599,                0.51485,                 0.3113,                 1.0485,                 1.9257,                0.99646,                 1.0631,              0.0043636,              0.0043636,              0.0043636
                    856,                 1.1083,                 2.0713,                 1.0889,                 1.0881,                0.55379,                0.57901,                0.52478,                0.35875,                0.55533,                0.56502,                0.51465,                 0.3115,                 1.0483,                 1.9254,                0.99636,                 1.0631,               0.004357,               0.004357,               0.004357
                    857,                 1.1017,                 2.0579,                 1.0835,                 1.0859,                0.55418,                0.57835,                0.52481,                0.35884,                0.55501,                0.56558,                0.51458,                0.31152,                 1.0483,                 1.9256,                0.99618,                  1.063,              0.0043504,              0.0043504,              0.0043504
                    858,                 1.1058,                 2.0596,                 1.0854,                 1.0857,                0.55656,                0.57485,                0.52493,                0.35896,                0.55435,                0.56544,                0.51482,                 0.3115,                 1.0483,                 1.9257,                0.99619,                 1.0629,              0.0043438,              0.0043438,              0.0043438
                    859,                 1.1019,                 2.0597,                 1.0828,                  1.084,                0.55499,                0.57719,                0.52488,                0.35895,                0.55414,                0.56539,                0.51467,                 0.3114,                 1.0483,                 1.9256,                0.99629,                 1.0629,              0.0043372,              0.0043372,              0.0043372
                    860,                 1.1045,                 2.0618,                 1.0865,                 1.0864,                0.55423,                0.57842,                0.52502,                0.35887,                0.55391,                0.56731,                0.51493,                0.31147,                 1.0483,                 1.9256,                0.99628,                 1.0629,              0.0043306,              0.0043306,              0.0043306
                    861,                 1.1028,                 2.0566,                 1.0851,                 1.0865,                0.55403,                0.57883,                0.52482,                0.35879,                0.55419,                0.56751,                 0.5149,                0.31138,                 1.0484,                 1.9256,                0.99634,                 1.0629,               0.004324,               0.004324,               0.004324
                    862,                 1.1013,                  2.051,                   1.09,                  1.087,                0.55387,                 0.5789,                0.52468,                0.35876,                0.55419,                0.56824,                0.51512,                0.31143,                 1.0485,                 1.9256,                0.99631,                 1.0629,              0.0043174,              0.0043174,              0.0043174
                    863,                  1.102,                 2.0561,                 1.0834,                 1.0857,                0.55415,                0.57899,                0.52468,                0.35882,                0.55461,                  0.568,                0.51481,                0.31144,                 1.0485,                 1.9256,                0.99634,                 1.0629,              0.0043108,              0.0043108,              0.0043108
                    864,                 1.1027,                 2.0571,                 1.0855,                 1.0847,                0.55366,                0.57897,                0.52466,                0.35883,                0.55447,                0.56703,                0.51495,                0.31148,                 1.0483,                 1.9255,                0.99632,                 1.0628,              0.0043042,              0.0043042,              0.0043042
                    865,                 1.1039,                 2.0601,                 1.0865,                 1.0861,                0.55323,                0.57837,                0.52462,                0.35861,                0.55371,                0.56734,                0.51483,                0.31134,                 1.0482,                 1.9257,                0.99642,                 1.0628,              0.0042976,              0.0042976,              0.0042976
                    866,                 1.1009,                 2.0524,                 1.0829,                 1.0866,                0.55331,                 0.5783,                0.52475,                0.35875,                0.55334,                0.56689,                0.51486,                0.31151,                 1.0482,                 1.9256,                0.99645,                 1.0627,               0.004291,               0.004291,               0.004291
                    867,                 1.1019,                 2.0531,                 1.0831,                 1.0865,                0.55226,                0.57975,                0.52484,                0.35882,                0.55395,                0.56674,                0.51463,                0.31147,                 1.0482,                 1.9258,                0.99654,                 1.0626,              0.0042844,              0.0042844,              0.0042844
                    868,                 1.1051,                  2.063,                 1.0866,                 1.0855,                0.55325,                0.57831,                0.52453,                0.35859,                0.55284,                0.56695,                0.51456,                 0.3114,                 1.0483,                 1.9258,                0.99662,                 1.0626,              0.0042778,              0.0042778,              0.0042778
                    869,                 1.1019,                 2.0564,                 1.0835,                 1.0854,                0.55388,                0.57863,                0.52464,                0.35847,                0.55317,                0.56704,                 0.5145,                0.31133,                 1.0483,                 1.9257,                0.99651,                 1.0626,              0.0042712,              0.0042712,              0.0042712
                    870,                 1.1021,                 2.0585,                 1.0843,                 1.0853,                0.55254,                0.57909,                0.52453,                0.35848,                0.55251,                0.56731,                0.51431,                0.31124,                 1.0483,                 1.9257,                0.99646,                 1.0625,              0.0042646,              0.0042646,              0.0042646
                    871,                 1.1046,                 2.0615,                  1.086,                 1.0869,                0.55222,                0.58007,                0.52427,                0.35839,                0.55192,                 0.5683,                 0.5143,                0.31125,                 1.0482,                 1.9255,                0.99644,                 1.0624,               0.004258,               0.004258,               0.004258
                    872,                 1.1023,                 2.0556,                 1.0823,                  1.085,                0.55435,                0.57803,                0.52451,                0.35843,                0.55361,                0.56624,                0.51429,                 0.3112,                 1.0482,                 1.9257,                 0.9965,                 1.0624,              0.0042514,              0.0042514,              0.0042514
                    873,                 1.1044,                 2.0574,                 1.0851,                 1.0877,                0.55284,                0.57922,                0.52444,                0.35841,                0.55237,                0.56741,                0.51422,                0.31126,                 1.0484,                 1.9257,                0.99647,                 1.0625,              0.0042448,              0.0042448,              0.0042448
                    874,                 1.1046,                 2.0626,                 1.0841,                  1.087,                0.55366,                0.57802,                0.52445,                 0.3585,                0.55325,                0.56626,                0.51433,                0.31125,                 1.0482,                 1.9258,                0.99636,                 1.0624,              0.0042382,              0.0042382,              0.0042382
                    875,                 1.1042,                 2.0545,                 1.0847,                 1.0871,                 0.5534,                0.57787,                0.52447,                0.35839,                0.55347,                 0.5664,                0.51418,                 0.3113,                 1.0484,                 1.9261,                0.99626,                 1.0625,              0.0042316,              0.0042316,              0.0042316
                    876,                 1.1029,                 2.0566,                 1.0854,                  1.085,                0.55346,                0.57777,                0.52461,                0.35844,                0.55295,                0.56573,                0.51426,                0.31133,                 1.0484,                 1.9262,                0.99623,                 1.0625,               0.004225,               0.004225,               0.004225
                    877,                 1.1025,                 2.0577,                 1.0862,                 1.0864,                0.55353,                0.57789,                0.52446,                0.35844,                0.55269,                 0.5668,                0.51421,                0.31121,                 1.0485,                 1.9261,                0.99624,                 1.0626,              0.0042184,              0.0042184,              0.0042184
                    878,                 1.1045,                 2.0583,                 1.0828,                  1.085,                0.55384,                0.57811,                0.52467,                 0.3585,                0.55325,                0.56766,                0.51438,                0.31138,                 1.0485,                  1.926,                0.99617,                 1.0626,              0.0042118,              0.0042118,              0.0042118
                    879,                 1.1011,                 2.0534,                 1.0812,                 1.0843,                 0.5542,                0.57791,                0.52481,                0.35856,                0.55367,                0.56705,                0.51426,                0.31124,                 1.0484,                  1.926,                0.99617,                 1.0626,              0.0042052,              0.0042052,              0.0042052
                    880,                 1.1026,                 2.0583,                 1.0827,                 1.0861,                0.55532,                0.57705,                0.52462,                0.35846,                0.55465,                0.56694,                0.51422,                0.31119,                 1.0488,                 1.9261,                0.99616,                 1.0627,              0.0041986,              0.0041986,              0.0041986
                    881,                 1.0968,                 2.0493,                 1.0797,                  1.084,                0.55596,                0.57654,                0.52461,                0.35845,                0.55496,                0.56519,                0.51405,                0.31097,                 1.0488,                 1.9257,                0.99626,                 1.0627,               0.004192,               0.004192,               0.004192
                    882,                  1.106,                 2.0613,                 1.0861,                 1.0868,                0.55562,                0.57607,                 0.5245,                0.35848,                0.55405,                0.56646,                0.51389,                0.31089,                 1.0487,                 1.9255,                0.99619,                 1.0626,              0.0041854,              0.0041854,              0.0041854
                    883,                 1.1035,                 2.0572,                 1.0864,                 1.0866,                0.55574,                 0.5777,                0.52461,                0.35853,                0.55352,                0.56679,                0.51414,                0.31095,                 1.0487,                 1.9255,                0.99616,                 1.0625,              0.0041788,              0.0041788,              0.0041788
                    884,                 1.1008,                 2.0523,                 1.0853,                 1.0861,                0.55604,                0.57764,                0.52462,                0.35853,                0.55378,                0.56663,                0.51406,                0.31099,                 1.0486,                 1.9255,                0.99618,                 1.0625,              0.0041722,              0.0041722,              0.0041722
                    885,                 1.1009,                 2.0474,                  1.081,                 1.0841,                0.55776,                0.57549,                0.52459,                0.35859,                0.55393,                  0.567,                0.51433,                0.31104,                 1.0484,                 1.9254,                0.99613,                 1.0624,              0.0041656,              0.0041656,              0.0041656
                    886,                 1.1015,                 2.0591,                 1.0833,                 1.0851,                0.55636,                0.57773,                0.52462,                0.35861,                0.55412,                0.56721,                0.51415,                0.31099,                 1.0485,                 1.9252,                0.99611,                 1.0624,               0.004159,               0.004159,               0.004159
                    887,                 1.1011,                 2.0554,                 1.0818,                 1.0856,                0.55529,                0.57911,                 0.5245,                0.35865,                0.55376,                0.56877,                0.51416,                0.31089,                 1.0487,                 1.9255,                0.99617,                 1.0625,              0.0041524,              0.0041524,              0.0041524
                    888,                 1.1045,                 2.0637,                 1.0852,                 1.0851,                0.55443,                0.58021,                0.52464,                0.35865,                0.55335,                 0.5698,                0.51419,                0.31088,                 1.0487,                 1.9257,                0.99616,                 1.0624,              0.0041458,              0.0041458,              0.0041458
                    889,                 1.0998,                 2.0528,                 1.0809,                 1.0851,                0.55507,                0.57875,                0.52459,                0.35868,                0.55284,                0.56951,                 0.5142,                0.31093,                 1.0486,                 1.9258,                0.99615,                 1.0623,              0.0041392,              0.0041392,              0.0041392
                    890,                 1.0975,                 2.0457,                 1.0795,                 1.0836,                0.55566,                0.57892,                0.52469,                0.35875,                0.55273,                   0.57,                0.51415,                0.31095,                 1.0485,                 1.9257,                0.99621,                 1.0622,              0.0041326,              0.0041326,              0.0041326
                    891,                  1.102,                 2.0555,                 1.0821,                 1.0841,                0.55494,                0.58004,                0.52464,                0.35873,                0.55316,                0.57033,                0.51427,                0.31092,                 1.0487,                 1.9257,                0.99614,                 1.0623,               0.004126,               0.004126,               0.004126
                    892,                 1.1066,                 2.0636,                 1.0838,                 1.0858,                0.55349,                0.58044,                0.52465,                0.35872,                0.55321,                 0.5697,                0.51407,                0.31115,                 1.0486,                 1.9257,                0.99605,                 1.0623,              0.0041194,              0.0041194,              0.0041194
                    893,                 1.1035,                 2.0579,                 1.0835,                 1.0864,                0.55432,                 0.5802,                0.52486,                 0.3589,                0.55346,                0.57044,                0.51426,                 0.3113,                 1.0485,                 1.9258,                0.99598,                 1.0623,              0.0041128,              0.0041128,              0.0041128
                    894,                 1.0999,                 2.0496,                 1.0814,                 1.0845,                0.55318,                0.58049,                0.52489,                0.35898,                0.55377,                0.57033,                0.51435,                0.31127,                 1.0486,                 1.9255,                0.99605,                 1.0624,              0.0041062,              0.0041062,              0.0041062
                    895,                 1.0999,                 2.0502,                 1.0807,                 1.0847,                0.55318,                 0.5805,                0.52489,                  0.359,                0.55322,                0.57026,                0.51446,                0.31133,                 1.0486,                 1.9255,                0.99608,                 1.0623,              0.0040996,              0.0040996,              0.0040996
                    896,                 1.1005,                 2.0505,                 1.0799,                 1.0849,                0.55383,                0.57985,                 0.5249,                0.35899,                0.55349,                0.57042,                0.51454,                0.31127,                 1.0488,                 1.9252,                0.99609,                 1.0624,               0.004093,               0.004093,               0.004093
                    897,                 1.0979,                 2.0513,                 1.0787,                 1.0844,                0.55387,                0.57975,                0.52495,                0.35897,                 0.5535,                0.57009,                0.51477,                0.31149,                  1.049,                 1.9252,                  0.996,                 1.0625,              0.0040864,              0.0040864,              0.0040864
                    898,                 1.0991,                 2.0478,                 1.0788,                 1.0837,                 0.5531,                0.58112,                0.52516,                0.35903,                0.55305,                0.56987,                0.51463,                0.31146,                 1.0491,                 1.9252,                0.99593,                 1.0626,              0.0040798,              0.0040798,              0.0040798
                    899,                 1.1017,                 2.0575,                 1.0832,                 1.0857,                0.55403,                0.58017,                0.52516,                0.35896,                0.55165,                0.57148,                0.51426,                 0.3113,                 1.0492,                 1.9255,                0.99584,                 1.0627,              0.0040732,              0.0040732,              0.0040732
                    900,                 1.0976,                 2.0496,                 1.0797,                 1.0836,                0.55349,                0.58059,                0.52501,                0.35889,                0.55296,                0.57003,                0.51418,                0.31141,                 1.0494,                 1.9255,                0.99592,                 1.0628,              0.0040666,              0.0040666,              0.0040666
                    901,                 1.1024,                 2.0568,                 1.0847,                 1.0851,                0.55361,                0.58105,                0.52521,                0.35894,                0.55325,                0.57027,                0.51436,                0.31146,                 1.0493,                 1.9253,                0.99577,                 1.0627,                0.00406,                0.00406,                0.00406
                    902,                 1.0996,                 2.0513,                 1.0798,                 1.0847,                0.55252,                0.58265,                0.52513,                0.35899,                0.55213,                0.57213,                0.51446,                0.31144,                 1.0492,                 1.9253,                 0.9958,                 1.0627,              0.0040534,              0.0040534,              0.0040534
                    903,                 1.1031,                 2.0601,                 1.0812,                 1.0846,                0.55259,                0.58235,                0.52508,                0.35898,                0.55169,                0.57283,                0.51434,                0.31145,                 1.0491,                 1.9253,                0.99587,                 1.0626,              0.0040468,              0.0040468,              0.0040468
                    904,                 1.1035,                 2.0551,                 1.0811,                  1.084,                0.55286,                 0.5824,                0.52505,                0.35896,                0.55163,                0.57271,                0.51436,                0.31155,                 1.0491,                 1.9249,                0.99583,                 1.0625,              0.0040402,              0.0040402,              0.0040402
                    905,                 1.0982,                 2.0523,                 1.0826,                 1.0852,                0.55278,                0.58212,                0.52499,                0.35905,                0.55192,                 0.5727,                0.51453,                 0.3116,                 1.0491,                 1.9251,                0.99586,                 1.0626,              0.0040336,              0.0040336,              0.0040336
                    906,                 1.1021,                 2.0582,                 1.0823,                 1.0846,                0.55299,                0.58236,                0.52526,                0.35913,                0.55356,                0.57086,                0.51476,                0.31162,                 1.0488,                 1.9251,                0.99583,                 1.0625,               0.004027,               0.004027,               0.004027
                    907,                 1.1026,                 2.0526,                 1.0825,                 1.0854,                0.55241,                0.58293,                0.52513,                0.35912,                0.55333,                0.57094,                0.51472,                0.31159,                 1.0488,                 1.9251,                0.99567,                 1.0625,              0.0040204,              0.0040204,              0.0040204
                    908,                 1.0981,                 2.0507,                 1.0759,                 1.0837,                0.55353,                 0.5817,                0.52521,                0.35907,                 0.5523,                0.57253,                  0.515,                0.31161,                 1.0485,                 1.9251,                0.99564,                 1.0624,              0.0040138,              0.0040138,              0.0040138
                    909,                 1.1011,                 2.0506,                 1.0792,                 1.0835,                0.55324,                 0.5821,                0.52535,                0.35924,                0.55209,                0.57262,                0.51502,                0.31154,                 1.0486,                 1.9249,                0.99563,                 1.0624,              0.0040072,              0.0040072,              0.0040072
                    910,                 1.1011,                 2.0554,                 1.0802,                  1.085,                0.55346,                0.58241,                0.52543,                0.35926,                0.55268,                0.57175,                0.51515,                0.31156,                 1.0484,                 1.9251,                0.99566,                 1.0623,              0.0040006,              0.0040006,              0.0040006
                    911,                 1.1019,                 2.0558,                 1.0822,                 1.0853,                0.55326,                0.58217,                0.52533,                0.35933,                0.55212,                0.57158,                0.51502,                0.31151,                 1.0484,                  1.925,                0.99558,                 1.0623,               0.003994,               0.003994,               0.003994
                    912,                 1.1008,                 2.0516,                 1.0806,                 1.0841,                0.55401,                0.58122,                 0.5255,                0.35946,                0.55354,                0.57103,                0.51506,                0.31155,                 1.0483,                 1.9249,                0.99546,                 1.0622,              0.0039874,              0.0039874,              0.0039874
                    913,                 1.1025,                 2.0552,                 1.0816,                 1.0848,                0.55275,                0.58259,                0.52555,                0.35949,                0.55312,                0.57073,                0.51519,                0.31174,                 1.0483,                 1.9247,                0.99542,                 1.0623,              0.0039808,              0.0039808,              0.0039808
                    914,                 1.0964,                 2.0496,                 1.0807,                 1.0833,                0.55371,                0.58168,                 0.5256,                0.35964,                0.55179,                0.57214,                0.51539,                0.31177,                 1.0483,                 1.9247,                0.99536,                 1.0622,              0.0039742,              0.0039742,              0.0039742
                    915,                 1.0968,                 2.0464,                 1.0784,                 1.0823,                0.55336,                0.58191,                0.52564,                0.35971,                0.55261,                0.57124,                0.51546,                0.31177,                 1.0483,                 1.9247,                0.99524,                 1.0622,              0.0039676,              0.0039676,              0.0039676
                    916,                 1.1013,                 2.0551,                 1.0774,                 1.0844,                0.55237,                0.58302,                0.52552,                 0.3597,                0.55151,                0.57227,                0.51544,                0.31178,                 1.0482,                 1.9246,                 0.9952,                 1.0621,               0.003961,               0.003961,               0.003961
                    917,                 1.0999,                 2.0533,                 1.0816,                 1.0837,                0.55263,                0.58184,                 0.5254,                0.35965,                0.55075,                0.57317,                0.51523,                0.31186,                 1.0481,                 1.9246,                0.99518,                 1.0621,              0.0039544,              0.0039544,              0.0039544
                    918,                 1.0981,                 2.0476,                 1.0774,                 1.0831,                 0.5518,                0.58253,                0.52557,                0.35957,                0.55061,                0.57326,                0.51525,                0.31204,                 1.0479,                 1.9242,                0.99517,                  1.062,              0.0039478,              0.0039478,              0.0039478
                    919,                 1.0987,                 2.0491,                 1.0763,                 1.0817,                0.55207,                0.58291,                0.52574,                0.35963,                0.55032,                0.57299,                0.51517,                  0.312,                 1.0479,                 1.9241,                0.99503,                 1.0619,              0.0039412,              0.0039412,              0.0039412
                    920,                 1.1016,                 2.0537,                 1.0784,                 1.0833,                0.55195,                 0.5829,                0.52572,                0.35958,                0.55092,                0.57306,                0.51522,                0.31203,                  1.048,                 1.9241,                0.99505,                  1.062,              0.0039346,              0.0039346,              0.0039346
                    921,                 1.0991,                 2.0469,                 1.0784,                 1.0844,                0.55312,                0.58234,                0.52589,                0.35967,                0.55171,                0.57268,                0.51512,                0.31192,                  1.048,                 1.9241,                0.99495,                  1.062,               0.003928,               0.003928,               0.003928
                    922,                 1.0996,                 2.0469,                 1.0784,                 1.0845,                0.55399,                0.58196,                0.52589,                 0.3598,                0.55118,                 0.5727,                0.51517,                0.31207,                 1.0478,                 1.9241,                0.99486,                  1.062,              0.0039214,              0.0039214,              0.0039214
                    923,                 1.0985,                 2.0525,                 1.0796,                 1.0836,                0.55344,                0.58234,                0.52594,                0.35987,                 0.5524,                0.57153,                0.51521,                0.31205,                  1.048,                 1.9241,                0.99488,                  1.062,              0.0039148,              0.0039148,              0.0039148
                    924,                 1.1014,                 2.0551,                 1.0785,                 1.0841,                0.55361,                0.58298,                0.52591,                0.35989,                0.55123,                0.57318,                0.51538,                0.31217,                  1.048,                  1.924,                0.99486,                  1.062,              0.0039082,              0.0039082,              0.0039082
                    925,                 1.1014,                 2.0544,                 1.0796,                 1.0842,                0.55398,                0.58285,                0.52587,                 0.3598,                0.55189,                0.57321,                0.51508,                0.31203,                 1.0479,                 1.9239,                0.99484,                  1.062,              0.0039016,              0.0039016,              0.0039016
                    926,                  1.101,                 2.0505,                 1.0786,                 1.0852,                0.55395,                 0.5831,                0.52609,                0.35993,                0.55166,                0.57354,                0.51523,                0.31217,                 1.0479,                 1.9238,                0.99492,                  1.062,               0.003895,               0.003895,               0.003895
                    927,                 1.0982,                 2.0511,                  1.079,                 1.0837,                 0.5545,                 0.5827,                0.52599,                0.35993,                 0.5537,                0.57252,                 0.5153,                0.31214,                 1.0478,                 1.9239,                0.99497,                 1.0619,              0.0038884,              0.0038884,              0.0038884
                    928,                 1.1016,                 2.0537,                 1.0759,                 1.0844,                0.55543,                0.58128,                0.52612,                0.35986,                0.55369,                0.57234,                0.51522,                0.31211,                 1.0478,                  1.924,                  0.995,                  1.062,              0.0038818,              0.0038818,              0.0038818
                    929,                 1.1007,                 2.0553,                 1.0777,                 1.0838,                0.55606,                0.58113,                0.52611,                0.35993,                0.55414,                0.57205,                0.51531,                0.31221,                 1.0478,                 1.9243,                0.99492,                  1.062,              0.0038752,              0.0038752,              0.0038752
                    930,                 1.0971,                 2.0472,                 1.0784,                 1.0828,                0.55732,                0.58076,                0.52623,                   0.36,                0.55488,                0.57212,                0.51527,                0.31206,                 1.0477,                 1.9243,                0.99491,                 1.0621,              0.0038686,              0.0038686,              0.0038686
                    931,                 1.0983,                 2.0499,                   1.08,                 1.0839,                0.55716,                 0.5813,                0.52602,                0.36008,                0.55491,                0.57188,                0.51528,                0.31205,                 1.0479,                  1.924,                0.99488,                 1.0621,               0.003862,               0.003862,               0.003862
                    932,                  1.097,                  2.049,                 1.0789,                 1.0833,                0.55862,                0.58007,                0.52624,                 0.3602,                0.55647,                0.57003,                0.51554,                0.31209,                  1.048,                 1.9241,                0.99492,                 1.0621,              0.0038554,              0.0038554,              0.0038554
                    933,                 1.0978,                 2.0478,                 1.0776,                 1.0834,                0.55844,                0.57991,                0.52622,                0.36016,                0.55693,                0.57013,                0.51559,                0.31227,                  1.048,                 1.9244,                0.99487,                 1.0621,              0.0038488,              0.0038488,              0.0038488
                    934,                 1.0982,                  2.046,                 1.0783,                 1.0835,                 0.5591,                0.57999,                0.52639,                0.36022,                0.55581,                0.57093,                0.51558,                0.31225,                 1.0478,                 1.9243,                0.99471,                 1.0621,              0.0038422,              0.0038422,              0.0038422
                    935,                 1.0961,                 2.0429,                 1.0757,                  1.083,                0.55886,                0.57965,                0.52645,                0.36023,                0.55538,                0.57188,                0.51568,                0.31244,                 1.0478,                 1.9243,                0.99465,                  1.062,              0.0038356,              0.0038356,              0.0038356
                    936,                 1.0987,                 2.0492,                 1.0793,                  1.083,                0.55897,                 0.5797,                 0.5265,                0.36009,                0.55517,                0.57179,                0.51566,                0.31231,                  1.048,                 1.9244,                0.99463,                 1.0621,               0.003829,               0.003829,               0.003829
                    937,                  1.098,                  2.048,                 1.0756,                 1.0846,                0.55831,                0.57942,                0.52655,                0.36016,                0.55686,                0.56998,                0.51571,                0.31239,                 1.0479,                 1.9243,                0.99456,                 1.0622,              0.0038224,              0.0038224,              0.0038224
                    938,                 1.0958,                 2.0437,                  1.074,                 1.0815,                0.55927,                0.57878,                 0.5265,                0.35998,                0.55696,                0.57019,                0.51573,                0.31239,                  1.048,                 1.9241,                0.99454,                 1.0622,              0.0038158,              0.0038158,              0.0038158
                    939,                 1.0966,                 2.0419,                 1.0769,                 1.0832,                 0.5598,                0.57881,                0.52671,                0.36014,                0.55797,                0.57023,                0.51594,                0.31254,                 1.0478,                  1.924,                 0.9945,                 1.0622,              0.0038092,              0.0038092,              0.0038092
                    940,                 1.0977,                  2.046,                  1.074,                 1.0827,                0.55991,                0.57876,                0.52657,                0.36015,                 0.5582,                0.56936,                0.51569,                0.31253,                 1.0478,                 1.9241,                0.99456,                  1.062,              0.0038026,              0.0038026,              0.0038026
                    941,                 1.1019,                 2.0582,                 1.0803,                 1.0836,                0.56053,                0.57752,                0.52653,                0.36024,                0.55892,                0.56821,                0.51548,                0.31254,                 1.0478,                 1.9239,                0.99469,                  1.062,               0.003796,               0.003796,               0.003796
                    942,                  1.096,                 2.0413,                 1.0729,                 1.0821,                0.56094,                0.57734,                0.52658,                0.36035,                0.55797,                0.56943,                0.51557,                0.31251,                 1.0478,                 1.9238,                0.99475,                  1.062,              0.0037894,              0.0037894,              0.0037894
                    943,                 1.0968,                  2.047,                 1.0757,                 1.0815,                0.55889,                0.57948,                0.52651,                 0.3604,                0.55863,                0.56845,                0.51564,                0.31261,                 1.0476,                 1.9239,                 0.9947,                 1.0619,              0.0037828,              0.0037828,              0.0037828
                    944,                 1.0968,                 2.0492,                 1.0768,                 1.0822,                0.55916,                0.57941,                0.52646,                0.36025,                 0.5581,                0.56808,                 0.5155,                0.31248,                 1.0475,                 1.9237,                0.99478,                 1.0618,              0.0037762,              0.0037762,              0.0037762
                    945,                    1.1,                 2.0485,                 1.0782,                 1.0842,                0.55998,                0.57966,                0.52674,                0.36038,                0.55865,                0.56959,                0.51581,                 0.3125,                 1.0475,                 1.9237,                0.99473,                 1.0618,              0.0037696,              0.0037696,              0.0037696
                    946,                 1.1004,                 2.0522,                 1.0775,                 1.0836,                0.55834,                0.58142,                0.52691,                0.36047,                0.55749,                0.56933,                0.51597,                0.31268,                 1.0475,                 1.9236,                0.99474,                 1.0618,               0.003763,               0.003763,               0.003763
                    947,                 1.0981,                 2.0478,                 1.0767,                 1.0828,                0.55773,                0.58076,                0.52673,                 0.3604,                0.55749,                0.56984,                0.51587,                0.31266,                 1.0476,                 1.9235,                0.99479,                 1.0618,              0.0037564,              0.0037564,              0.0037564
                    948,                 1.0973,                 2.0437,                 1.0711,                 1.0816,                0.55638,                0.58205,                0.52668,                 0.3605,                0.55646,                0.57009,                0.51556,                0.31258,                 1.0477,                 1.9237,                0.99478,                  1.062,              0.0037498,              0.0037498,              0.0037498
                    949,                 1.1008,                  2.055,                 1.0767,                 1.0835,                 0.5562,                0.58189,                0.52673,                 0.3606,                0.55589,                0.57128,                0.51583,                0.31266,                 1.0479,                 1.9236,                0.99474,                  1.062,              0.0037432,              0.0037432,              0.0037432
                    950,                 1.0964,                 2.0445,                 1.0757,                 1.0831,                0.55761,                0.58008,                0.52666,                0.36056,                0.55673,                0.57026,                0.51605,                0.31275,                 1.0477,                 1.9233,                0.99469,                 1.0619,              0.0037366,              0.0037366,              0.0037366
                    951,                 1.0972,                 2.0466,                 1.0779,                 1.0837,                0.55763,                0.58001,                 0.5267,                0.36047,                0.55807,                0.56908,                0.51612,                0.31266,                 1.0475,                 1.9233,                0.99463,                 1.0618,                0.00373,                0.00373,                0.00373
                    952,                 1.0972,                 2.0464,                 1.0757,                 1.0838,                0.55826,                0.57959,                0.52682,                 0.3605,                0.55852,                0.56872,                 0.5161,                0.31282,                 1.0476,                 1.9233,                0.99472,                 1.0618,              0.0037234,              0.0037234,              0.0037234
                    953,                 1.0986,                 2.0466,                 1.0774,                 1.0829,                 0.5574,                0.58013,                0.52685,                0.36046,                0.55689,                0.56989,                0.51603,                0.31266,                 1.0475,                 1.9233,                0.99466,                 1.0618,              0.0037168,              0.0037168,              0.0037168
                    954,                 1.0954,                 2.0464,                 1.0744,                 1.0817,                0.55706,                0.58024,                0.52677,                0.36039,                 0.5571,                0.56849,                0.51586,                0.31274,                 1.0474,                 1.9232,                0.99475,                 1.0617,              0.0037102,              0.0037102,              0.0037102
                    955,                  1.097,                 2.0436,                 1.0741,                 1.0821,                0.55676,                0.57986,                0.52672,                0.36022,                0.55689,                0.56859,                0.51579,                0.31261,                 1.0474,                 1.9232,                0.99476,                 1.0617,              0.0037036,              0.0037036,              0.0037036
                    956,                  1.094,                  2.043,                 1.0747,                 1.0813,                0.55615,                 0.5805,                0.52694,                0.36021,                0.55648,                0.56897,                0.51586,                0.31254,                 1.0475,                 1.9233,                0.99489,                 1.0617,               0.003697,               0.003697,               0.003697
                    957,                 1.0962,                 2.0441,                 1.0746,                 1.0814,                0.55544,                0.58007,                0.52674,                0.36011,                0.55647,                0.56982,                0.51606,                0.31262,                 1.0475,                 1.9232,                0.99483,                 1.0617,              0.0036904,              0.0036904,              0.0036904
                    958,                 1.0975,                 2.0496,                  1.076,                 1.0817,                0.55608,                0.57979,                0.52673,                0.36016,                 0.5549,                0.57007,                0.51601,                0.31274,                 1.0475,                 1.9232,                0.99481,                 1.0617,              0.0036838,              0.0036838,              0.0036838
                    959,                 1.0978,                 2.0498,                 1.0784,                 1.0822,                0.55531,                0.58021,                0.52655,                0.36007,                0.55487,                0.56996,                0.51585,                0.31257,                 1.0477,                 1.9232,                0.99489,                 1.0617,              0.0036772,              0.0036772,              0.0036772
                    960,                 1.0922,                 2.0369,                 1.0712,                 1.0816,                0.55619,                0.58028,                0.52679,                0.36018,                0.55522,                0.56972,                0.51598,                0.31267,                 1.0478,                 1.9234,                0.99491,                 1.0617,              0.0036706,              0.0036706,              0.0036706
                    961,                 1.0987,                 2.0441,                 1.0753,                 1.0829,                0.55607,                0.58058,                 0.5269,                0.36023,                0.55332,                0.57174,                0.51607,                0.31263,                 1.0477,                 1.9233,                0.99481,                 1.0617,               0.003664,               0.003664,               0.003664
                    962,                 1.0992,                 2.0452,                 1.0733,                 1.0823,                0.55623,                 0.5808,                 0.5269,                0.36023,                0.55388,                0.57128,                0.51601,                0.31254,                 1.0477,                 1.9233,                0.99485,                 1.0618,              0.0036574,              0.0036574,              0.0036574
                    963,                 1.0991,                 2.0463,                 1.0781,                 1.0825,                0.55662,                  0.581,                0.52675,                0.36014,                0.55528,                0.57009,                0.51588,                0.31256,                 1.0477,                 1.9231,                0.99488,                 1.0619,              0.0036508,              0.0036508,              0.0036508
                    964,                  1.093,                 2.0435,                 1.0711,                 1.0811,                0.55648,                0.58088,                0.52691,                0.36021,                0.55557,                0.57017,                0.51575,                0.31267,                 1.0477,                  1.923,                 0.9949,                 1.0619,              0.0036442,              0.0036442,              0.0036442
                    965,                 1.0954,                 2.0414,                 1.0707,                 1.0813,                0.55448,                0.58261,                0.52678,                0.36005,                0.55448,                0.57174,                0.51559,                0.31256,                 1.0478,                  1.923,                0.99487,                  1.062,              0.0036376,              0.0036376,              0.0036376
                    966,                 1.0987,                 2.0533,                 1.0756,                 1.0819,                0.55637,                0.58108,                0.52686,                0.36027,                0.55441,                0.57175,                0.51586,                0.31251,                 1.0478,                  1.923,                0.99478,                 1.0619,               0.003631,               0.003631,               0.003631
                    967,                 1.0986,                 2.0455,                 1.0758,                 1.0813,                0.55474,                0.58361,                0.52705,                 0.3604,                0.55476,                0.57224,                0.51614,                0.31244,                 1.0477,                 1.9229,                0.99478,                 1.0618,              0.0036244,              0.0036244,              0.0036244
                    968,                 1.0981,                 2.0476,                 1.0758,                 1.0826,                 0.5565,                0.58173,                0.52687,                 0.3602,                 0.5545,                0.57212,                0.51603,                0.31248,                 1.0479,                 1.9228,                0.99482,                 1.0618,              0.0036178,              0.0036178,              0.0036178
                    969,                 1.0895,                 2.0342,                 1.0708,                 1.0814,                 0.5554,                 0.5825,                 0.5268,                0.36017,                0.55654,                0.57012,                0.51597,                0.31239,                 1.0478,                 1.9229,                0.99482,                 1.0618,              0.0036112,              0.0036112,              0.0036112
                    970,                 1.0944,                 2.0381,                 1.0717,                 1.0832,                0.55744,                0.58115,                0.52672,                0.36008,                0.55518,                0.57234,                0.51607,                0.31238,                 1.0478,                  1.923,                0.99482,                 1.0618,              0.0036046,              0.0036046,              0.0036046
                    971,                 1.0967,                 2.0458,                 1.0762,                 1.0826,                0.55683,                0.58065,                0.52641,                0.36006,                0.55548,                0.57185,                  0.516,                0.31236,                 1.0479,                 1.9233,                0.99484,                 1.0619,               0.003598,               0.003598,               0.003598
                    972,                 1.0959,                 2.0467,                 1.0748,                  1.082,                 0.5572,                0.58128,                0.52666,                0.36012,                0.55519,                0.57267,                0.51593,                0.31232,                  1.048,                 1.9232,                0.99493,                 1.0619,              0.0035914,              0.0035914,              0.0035914
                    973,                 1.0942,                 2.0392,                  1.076,                 1.0812,                0.55743,                0.58175,                0.52665,                0.36009,                0.55546,                0.57341,                  0.516,                0.31233,                 1.0479,                 1.9234,                0.99497,                  1.062,              0.0035848,              0.0035848,              0.0035848
                    974,                 1.0982,                 2.0489,                 1.0717,                 1.0816,                0.55676,                0.58343,                0.52666,                0.36017,                0.55559,                0.57341,                0.51607,                0.31243,                 1.0479,                 1.9232,                0.99493,                 1.0618,              0.0035782,              0.0035782,              0.0035782
                    975,                 1.0974,                 2.0472,                 1.0729,                 1.0812,                0.55764,                 0.5822,                0.52683,                0.36026,                 0.5556,                0.57369,                0.51617,                 0.3125,                 1.0478,                 1.9231,                0.99487,                 1.0618,              0.0035716,              0.0035716,              0.0035716
                    976,                 1.0965,                 2.0479,                 1.0762,                 1.0825,                0.55722,                0.58218,                0.52688,                0.36028,                0.55604,                0.57318,                0.51646,                0.31256,                  1.048,                 1.9231,                0.99488,                 1.0618,               0.003565,               0.003565,               0.003565
                    977,                 1.1013,                 2.0531,                  1.075,                 1.0826,                0.55769,                 0.5825,                0.52683,                0.36022,                0.55574,                0.57347,                0.51632,                0.31248,                 1.0479,                  1.923,                0.99468,                 1.0619,              0.0035584,              0.0035584,              0.0035584
                    978,                 1.0973,                 2.0485,                  1.074,                 1.0817,                0.55848,                0.58236,                0.52688,                0.36039,                 0.5563,                0.57331,                0.51605,                0.31247,                 1.0479,                  1.923,                0.99462,                 1.0619,              0.0035518,              0.0035518,              0.0035518
                    979,                 1.0965,                 2.0462,                 1.0751,                 1.0818,                0.55771,                0.58206,                0.52684,                0.36025,                0.55638,                0.57278,                0.51625,                0.31242,                 1.0479,                 1.9232,                0.99449,                 1.0619,              0.0035452,              0.0035452,              0.0035452
                    980,                  1.099,                 2.0485,                 1.0715,                 1.0814,                0.55651,                0.58313,                0.52665,                0.36022,                0.55526,                0.57329,                0.51604,                0.31235,                 1.0478,                 1.9232,                 0.9945,                 1.0618,              0.0035386,              0.0035386,              0.0035386
                    981,                 1.0959,                 2.0421,                 1.0727,                 1.0807,                0.55719,                0.58141,                0.52659,                0.36015,                0.55616,                  0.572,                0.51591,                0.31218,                 1.0479,                 1.9234,                0.99462,                 1.0618,               0.003532,               0.003532,               0.003532
                    982,                 1.0955,                 2.0391,                  1.073,                 1.0817,                 0.5582,                0.58009,                0.52664,                0.36012,                0.55603,                0.57199,                0.51592,                0.31215,                 1.0478,                 1.9235,                0.99461,                 1.0618,              0.0035254,              0.0035254,              0.0035254
                    983,                 1.0968,                 2.0403,                  1.072,                 1.0819,                0.55692,                0.58184,                0.52655,                0.36005,                0.55592,                0.57236,                0.51595,                0.31219,                 1.0478,                 1.9234,                0.99465,                 1.0618,              0.0035188,              0.0035188,              0.0035188
                    984,                  1.097,                 2.0443,                 1.0727,                  1.082,                0.55785,                0.58069,                0.52651,                0.36004,                0.55477,                0.57339,                0.51586,                0.31214,                 1.0478,                 1.9232,                0.99458,                 1.0618,              0.0035122,              0.0035122,              0.0035122
                    985,                 1.0955,                 2.0456,                 1.0723,                 1.0804,                0.55761,                0.58083,                0.52648,                0.36008,                0.55498,                0.57223,                0.51584,                0.31221,                 1.0478,                 1.9232,                0.99463,                 1.0618,              0.0035056,              0.0035056,              0.0035056
                    986,                  1.096,                 2.0467,                  1.073,                 1.0818,                0.55832,                0.58008,                0.52644,                0.36004,                0.55482,                0.57224,                 0.5157,                 0.3121,                 1.0478,                 1.9233,                0.99466,                 1.0617,               0.003499,               0.003499,               0.003499
                    987,                 1.0942,                 2.0377,                 1.0684,                   1.08,                0.55785,                0.58043,                0.52634,                0.35998,                 0.5562,                0.57222,                0.51594,                0.31221,                 1.0477,                 1.9237,                0.99456,                 1.0617,              0.0034924,              0.0034924,              0.0034924
                    988,                 1.0943,                 2.0419,                 1.0688,                 1.0794,                0.55743,                 0.5804,                0.52617,                0.35998,                0.55663,                0.57129,                0.51595,                0.31214,                 1.0475,                 1.9237,                0.99443,                 1.0617,              0.0034858,              0.0034858,              0.0034858
                    989,                  1.098,                 2.0505,                 1.0732,                 1.0804,                  0.558,                0.57956,                0.52624,                0.36005,                0.55639,                 0.5714,                0.51561,                0.31217,                 1.0475,                 1.9235,                0.99442,                 1.0617,              0.0034792,              0.0034792,              0.0034792
                    990,                 1.0949,                 2.0392,                 1.0714,                 1.0815,                0.55671,                0.58037,                0.52616,                0.36004,                0.55607,                0.57116,                0.51585,                0.31199,                 1.0477,                 1.9235,                0.99449,                 1.0617,              0.0034726,              0.0034726,              0.0034726
                    991,                 1.0992,                 2.0504,                  1.075,                 1.0818,                0.55677,                0.58064,                0.52628,                0.36011,                0.55621,                0.57114,                0.51579,                0.31205,                 1.0479,                 1.9235,                0.99435,                 1.0618,               0.003466,               0.003466,               0.003466
                    992,                 1.0966,                 2.0437,                 1.0742,                 1.0808,                 0.5575,                0.57998,                0.52611,                0.36012,                0.55616,                0.57106,                0.51573,                0.31198,                 1.0479,                 1.9236,                0.99443,                 1.0618,              0.0034594,              0.0034594,              0.0034594
                    993,                 1.0935,                 2.0416,                 1.0739,                 1.0817,                0.55649,                0.58064,                0.52611,                0.36008,                0.55624,                0.57092,                0.51568,                 0.3121,                  1.048,                 1.9236,                 0.9945,                 1.0618,              0.0034528,              0.0034528,              0.0034528
                    994,                  1.096,                 2.0395,                 1.0697,                 1.0801,                0.55525,                0.58187,                0.52626,                0.36026,                0.55516,                0.57163,                0.51589,                0.31221,                 1.0481,                 1.9235,                0.99445,                 1.0618,              0.0034462,              0.0034462,              0.0034462
                    995,                 1.0969,                 2.0426,                 1.0732,                 1.0833,                0.55668,                0.58049,                0.52627,                 0.3602,                0.55582,                0.57147,                  0.516,                0.31221,                 1.0482,                 1.9236,                0.99448,                 1.0618,              0.0034396,              0.0034396,              0.0034396
                    996,                 1.0942,                 2.0362,                 1.0722,                 1.0816,                0.55769,                0.57976,                0.52633,                0.36032,                0.55534,                0.57246,                0.51609,                0.31231,                 1.0482,                 1.9237,                0.99433,                 1.0618,               0.003433,               0.003433,               0.003433
                    997,                 1.1006,                 2.0504,                 1.0734,                  1.083,                0.55666,                 0.5813,                0.52629,                0.36024,                0.55609,                0.57159,                0.51573,                0.31236,                 1.0482,                 1.9233,                0.99427,                 1.0618,              0.0034264,              0.0034264,              0.0034264
                    998,                 1.0959,                 2.0414,                 1.0681,                 1.0793,                0.55716,                0.58074,                0.52627,                0.36022,                0.55429,                0.57363,                 0.5159,                 0.3124,                 1.0482,                 1.9234,                0.99427,                 1.0618,              0.0034198,              0.0034198,              0.0034198
                    999,                 1.0958,                 2.0466,                 1.0718,                 1.0805,                0.55715,                0.58092,                0.52615,                0.36019,                0.55631,                0.57199,                0.51586,                0.31225,                  1.048,                 1.9232,                0.99432,                 1.0617,              0.0034132,              0.0034132,              0.0034132
                   1000,                 1.0911,                 2.0361,                 1.0676,                 1.0797,                0.55671,                0.58047,                0.52615,                0.36017,                0.55519,                0.57258,                0.51569,                0.31221,                 1.0479,                 1.9233,                0.99428,                 1.0616,              0.0034066,              0.0034066,              0.0034066
                   1001,                 1.0948,                 2.0368,                 1.0701,                 1.0804,                0.55505,                0.58171,                0.52618,                0.36016,                0.55366,                0.57316,                0.51587,                0.31223,                 1.0479,                  1.923,                0.99449,                 1.0615,                 0.0034,                 0.0034,                 0.0034
                   1002,                 1.0967,                 2.0456,                 1.0755,                 1.0811,                0.55598,                0.58168,                0.52617,                 0.3601,                0.55402,                0.57332,                0.51582,                0.31217,                 1.0479,                 1.9228,                0.99434,                 1.0615,              0.0033934,              0.0033934,              0.0033934
                   1003,                 1.0958,                 2.0438,                 1.0754,                 1.0827,                0.55563,                0.58135,                0.52589,                0.36002,                0.55354,                0.57314,                0.51565,                0.31211,                 1.0479,                 1.9227,                0.99433,                 1.0616,              0.0033868,              0.0033868,              0.0033868
                   1004,                 1.0937,                 2.0425,                 1.0697,                 1.0809,                0.55572,                0.58182,                0.52592,                0.35998,                0.55373,                0.57315,                0.51537,                0.31209,                 1.0479,                 1.9228,                0.99416,                 1.0616,              0.0033802,              0.0033802,              0.0033802
                   1005,                 1.0982,                  2.052,                 1.0763,                 1.0796,                0.55545,                0.58191,                0.52607,                0.36012,                0.55303,                0.57387,                0.51564,                0.31224,                  1.048,                 1.9229,                0.99413,                 1.0615,              0.0033736,              0.0033736,              0.0033736
                   1006,                 1.0974,                 2.0414,                 1.0722,                 1.0793,                 0.5549,                 0.5824,                0.52596,                0.36006,                0.55286,                0.57383,                0.51554,                0.31209,                 1.0479,                 1.9229,                0.99415,                 1.0614,               0.003367,               0.003367,               0.003367
                   1007,                 1.0937,                 2.0406,                 1.0703,                 1.0809,                0.55503,                0.58235,                0.52593,                0.36002,                  0.553,                0.57356,                0.51548,                0.31209,                 1.0477,                 1.9231,                0.99423,                 1.0613,              0.0033604,              0.0033604,              0.0033604
                   1008,                 1.0972,                 2.0487,                 1.0732,                  1.081,                0.55332,                0.58469,                0.52591,                0.35989,                 0.5528,                0.57395,                0.51546,                0.31205,                 1.0478,                 1.9232,                 0.9942,                 1.0613,              0.0033538,              0.0033538,              0.0033538
                   1009,                 1.0934,                 2.0348,                 1.0673,                 1.0804,                0.55424,                 0.5839,                0.52616,                0.35994,                0.55265,                0.57412,                0.51554,                 0.3122,                 1.0478,                 1.9232,                 0.9942,                 1.0613,              0.0033472,              0.0033472,              0.0033472
                   1010,                 1.0946,                 2.0396,                 1.0699,                 1.0804,                0.55461,                0.58395,                0.52631,                0.36001,                0.55255,                 0.5737,                 0.5156,                 0.3122,                 1.0479,                 1.9229,                0.99424,                 1.0613,              0.0033406,              0.0033406,              0.0033406
                   1011,                 1.0939,                 2.0423,                 1.0697,                 1.0798,                0.55518,                0.58235,                0.52614,                0.35992,                 0.5525,                0.57336,                0.51549,                0.31211,                 1.0479,                  1.923,                0.99421,                 1.0613,               0.003334,               0.003334,               0.003334
                   1012,                 1.0963,                 2.0407,                 1.0704,                 1.0816,                0.55484,                0.58201,                0.52624,                0.35998,                0.55275,                 0.5732,                0.51572,                 0.3122,                 1.0478,                 1.9226,                0.99409,                 1.0613,              0.0033274,              0.0033274,              0.0033274
                   1013,                  1.094,                 2.0369,                 1.0698,                 1.0807,                0.55496,                 0.5819,                0.52622,                0.36003,                0.55294,                 0.5733,                0.51592,                0.31226,                 1.0479,                 1.9225,                0.99407,                 1.0612,              0.0033208,              0.0033208,              0.0033208
                   1014,                 1.0972,                  2.047,                  1.072,                 1.0818,                0.55424,                 0.5825,                0.52631,                0.36015,                0.55214,                0.57409,                0.51602,                0.31239,                 1.0481,                 1.9222,                0.99409,                 1.0612,              0.0033142,              0.0033142,              0.0033142
                   1015,                 1.0963,                 2.0406,                  1.072,                 1.0824,                0.55387,                0.58269,                0.52654,                0.36028,                 0.5521,                 0.5744,                0.51589,                0.31245,                 1.0481,                 1.9222,                0.99418,                 1.0612,              0.0033076,              0.0033076,              0.0033076
                   1016,                 1.0954,                 2.0398,                 1.0705,                 1.0802,                0.55586,                 0.5811,                0.52644,                0.36015,                0.55227,                0.57334,                0.51584,                0.31245,                 1.0481,                 1.9221,                0.99412,                 1.0612,               0.003301,               0.003301,               0.003301
                   1017,                 1.0921,                 2.0377,                 1.0665,                 1.0797,                0.55638,                0.57987,                0.52649,                0.36018,                0.55434,                0.57262,                0.51611,                 0.3125,                 1.0481,                 1.9223,                0.99426,                 1.0612,              0.0032944,              0.0032944,              0.0032944
                   1018,                 1.0942,                 2.0384,                 1.0653,                 1.0792,                 0.5565,                0.58127,                0.52655,                 0.3601,                  0.553,                0.57355,                0.51599,                0.31252,                  1.048,                 1.9224,                0.99425,                 1.0611,              0.0032878,              0.0032878,              0.0032878
                   1019,                 1.0918,                 2.0372,                 1.0681,                 1.0795,                0.55644,                0.58119,                0.52674,                0.36031,                0.55348,                0.57224,                 0.5161,                0.31254,                 1.0481,                 1.9224,                0.99438,                 1.0612,              0.0032812,              0.0032812,              0.0032812
                   1020,                 1.0904,                 2.0319,                 1.0659,                 1.0794,                0.55674,                0.58057,                0.52668,                0.36026,                0.55304,                0.57211,                 0.5159,                0.31262,                 1.0481,                 1.9223,                0.99429,                 1.0611,              0.0032746,              0.0032746,              0.0032746
                   1021,                 1.0958,                 2.0431,                 1.0695,                 1.0799,                0.55637,                0.58109,                0.52664,                0.36037,                 0.5544,                0.57108,                0.51593,                0.31261,                  1.048,                 1.9222,                0.99424,                  1.061,               0.003268,               0.003268,               0.003268
                   1022,                 1.0952,                 2.0392,                 1.0703,                 1.0817,                0.55673,                0.58057,                0.52676,                0.36039,                0.55386,                0.57126,                0.51602,                0.31271,                 1.0479,                 1.9222,                0.99425,                  1.061,              0.0032614,              0.0032614,              0.0032614
                   1023,                  1.091,                 2.0344,                 1.0671,                 1.0782,                 0.5571,                0.58032,                0.52672,                0.36046,                0.55396,                0.57224,                0.51617,                0.31285,                 1.0479,                 1.9221,                0.99419,                  1.061,              0.0032548,              0.0032548,              0.0032548
                   1024,                 1.0938,                  2.038,                 1.0694,                   1.08,                0.55784,                0.57952,                0.52669,                0.36054,                0.55374,                0.57175,                0.51604,                 0.3128,                  1.048,                 1.9219,                0.99423,                 1.0611,              0.0032482,              0.0032482,              0.0032482
                   1025,                 1.0945,                 2.0409,                 1.0683,                 1.0808,                0.55795,                0.58026,                0.52678,                0.36054,                0.55414,                0.57247,                0.51612,                0.31274,                  1.048,                 1.9222,                0.99419,                 1.0611,              0.0032416,              0.0032416,              0.0032416
                   1026,                 1.0931,                 2.0377,                 1.0686,                 1.0792,                0.55808,                0.58018,                0.52679,                0.36043,                0.55507,                0.57193,                0.51633,                0.31276,                 1.0478,                  1.922,                0.99428,                  1.061,               0.003235,               0.003235,               0.003235
                   1027,                 1.0964,                 2.0406,                 1.0692,                 1.0792,                 0.5584,                0.57971,                 0.5269,                0.36048,                0.55436,                0.57237,                0.51618,                 0.3127,                 1.0478,                 1.9221,                0.99424,                 1.0609,              0.0032284,              0.0032284,              0.0032284
                   1028,                 1.0918,                 2.0338,                 1.0653,                 1.0785,                0.55828,                 0.5806,                0.52714,                 0.3606,                0.55389,                0.57228,                0.51596,                0.31284,                  1.048,                 1.9222,                0.99424,                 1.0609,              0.0032218,              0.0032218,              0.0032218
                   1029,                 1.0941,                 2.0384,                 1.0703,                 1.0794,                0.55761,                0.58004,                0.52702,                0.36046,                0.55412,                0.57224,                0.51603,                 0.3128,                  1.048,                 1.9222,                0.99424,                  1.061,              0.0032152,              0.0032152,              0.0032152
                   1030,                 1.0908,                 2.0337,                 1.0662,                 1.0801,                0.55705,                0.58132,                0.52708,                0.36052,                0.55236,                0.57425,                0.51606,                0.31276,                 1.0478,                 1.9222,                0.99416,                 1.0609,              0.0032086,              0.0032086,              0.0032086
                   1031,                 1.0946,                 2.0384,                 1.0679,                 1.0808,                0.55763,                0.58157,                0.52728,                0.36055,                 0.5528,                0.57418,                0.51622,                0.31289,                  1.048,                 1.9222,                0.99418,                 1.0609,               0.003202,               0.003202,               0.003202
                   1032,                 1.0922,                 2.0352,                 1.0655,                 1.0795,                0.55606,                0.58231,                0.52708,                0.36057,                 0.5529,                0.57449,                0.51609,                0.31289,                 1.0479,                 1.9221,                 0.9941,                  1.061,              0.0031954,              0.0031954,              0.0031954
                   1033,                 1.0946,                 2.0397,                 1.0707,                 1.0794,                0.55632,                0.58202,                0.52716,                0.36067,                0.55373,                0.57301,                0.51614,                 0.3129,                 1.0481,                 1.9224,                0.99405,                  1.061,              0.0031888,              0.0031888,              0.0031888
                   1034,                 1.0903,                 2.0315,                 1.0583,                 1.0773,                 0.5564,                0.58182,                0.52702,                0.36041,                0.55312,                0.57364,                0.51567,                0.31276,                  1.048,                 1.9225,                0.99416,                  1.061,              0.0031822,              0.0031822,              0.0031822
                   1035,                 1.0944,                 2.0376,                 1.0673,                 1.0795,                0.55679,                0.58223,                0.52701,                0.36046,                0.55407,                0.57289,                0.51595,                 0.3128,                  1.048,                 1.9224,                0.99415,                 1.0611,              0.0031756,              0.0031756,              0.0031756
                   1036,                 1.0929,                  2.032,                 1.0661,                 1.0797,                0.55795,                0.58098,                0.52687,                 0.3603,                0.55435,                0.57232,                0.51593,                0.31263,                 1.0482,                 1.9225,                0.99415,                 1.0611,               0.003169,               0.003169,               0.003169
                   1037,                 1.0941,                 2.0407,                 1.0689,                 1.0799,                0.55803,                0.58082,                0.52689,                0.36009,                0.55449,                0.57231,                0.51609,                0.31255,                 1.0482,                 1.9225,                0.99415,                 1.0612,              0.0031624,              0.0031624,              0.0031624
                   1038,                 1.0898,                 2.0313,                 1.0662,                 1.0793,                0.55808,                0.58057,                0.52674,                0.36013,                0.55384,                0.57279,                0.51604,                0.31261,                 1.0481,                 1.9227,                0.99406,                 1.0611,              0.0031558,              0.0031558,              0.0031558
                   1039,                 1.0947,                 2.0401,                 1.0681,                 1.0793,                0.55859,                0.58051,                 0.5269,                0.36027,                0.55506,                0.57264,                0.51609,                0.31259,                 1.0481,                 1.9225,                0.99413,                 1.0611,              0.0031492,              0.0031492,              0.0031492
                   1040,                 1.0943,                 2.0361,                 1.0674,                 1.0798,                0.55859,                0.58087,                0.52689,                0.36008,                0.55537,                0.57269,                0.51616,                0.31253,                 1.0482,                 1.9224,                0.99403,                 1.0612,              0.0031426,              0.0031426,              0.0031426
                   1041,                 1.0887,                 2.0307,                 1.0652,                 1.0771,                 0.5584,                0.58096,                0.52699,                0.36014,                0.55499,                0.57264,                 0.5161,                0.31251,                  1.048,                 1.9225,                0.99404,                 1.0611,               0.003136,               0.003136,               0.003136
                   1042,                  1.093,                 2.0351,                 1.0677,                 1.0789,                0.55756,                0.58039,                0.52706,                0.36038,                0.55525,                0.57279,                0.51624,                0.31277,                 1.0479,                 1.9224,                0.99405,                  1.061,              0.0031294,              0.0031294,              0.0031294
                   1043,                 1.0914,                 2.0353,                 1.0638,                 1.0785,                0.55755,                 0.5805,                0.52707,                0.36046,                0.55462,                0.57271,                0.51597,                0.31258,                 1.0481,                 1.9227,                0.99405,                  1.061,              0.0031228,              0.0031228,              0.0031228
                   1044,                 1.0895,                 2.0267,                  1.061,                 1.0778,                0.55838,                0.58017,                0.52677,                0.36027,                0.55509,                0.57272,                0.51579,                 0.3124,                 1.0484,                 1.9227,                0.99409,                 1.0611,              0.0031162,              0.0031162,              0.0031162
                   1045,                 1.0906,                 2.0333,                  1.066,                 1.0787,                  0.559,                0.58022,                0.52681,                0.36016,                0.55518,                0.57267,                0.51568,                0.31223,                 1.0483,                 1.9227,                0.99415,                  1.061,              0.0031096,              0.0031096,              0.0031096
                   1046,                 1.0922,                 2.0363,                 1.0663,                 1.0801,                0.55962,                0.57984,                0.52675,                0.36031,                0.55549,                0.57286,                0.51585,                0.31241,                 1.0483,                 1.9225,                0.99415,                 1.0611,               0.003103,               0.003103,               0.003103
                   1047,                 1.0865,                 2.0244,                 1.0644,                 1.0778,                0.56034,                0.57937,                0.52667,                0.36028,                0.55757,                0.57092,                0.51582,                0.31235,                 1.0483,                 1.9224,                0.99413,                 1.0612,              0.0030964,              0.0030964,              0.0030964
                   1048,                  1.092,                 2.0339,                 1.0645,                 1.0786,                0.55915,                0.58027,                0.52671,                0.36025,                0.55749,                0.57139,                0.51611,                0.31238,                 1.0484,                 1.9227,                0.99412,                 1.0612,              0.0030898,              0.0030898,              0.0030898
                   1049,                 1.0924,                 2.0379,                 1.0673,                 1.0794,                0.56001,                0.57914,                0.52685,                0.36028,                0.55768,                0.57159,                0.51617,                0.31251,                 1.0484,                 1.9226,                0.99419,                 1.0612,              0.0030832,              0.0030832,              0.0030832
                   1050,                 1.0899,                 2.0323,                 1.0647,                 1.0784,                0.55989,                0.57934,                0.52699,                0.36037,                0.55874,                0.57023,                0.51644,                0.31252,                 1.0483,                 1.9225,                 0.9942,                 1.0611,              0.0030766,              0.0030766,              0.0030766
                   1051,                 1.0917,                 2.0336,                 1.0637,                  1.078,                0.55941,                0.58098,                  0.527,                 0.3603,                0.55752,                0.57128,                0.51648,                0.31247,                 1.0483,                 1.9224,                0.99425,                 1.0611,                0.00307,                0.00307,                0.00307
                   1052,                  1.091,                 2.0332,                  1.062,                 1.0773,                0.56042,                0.57986,                0.52696,                0.36035,                0.55741,                0.57143,                0.51644,                0.31251,                 1.0484,                 1.9224,                0.99413,                 1.0611,              0.0030634,              0.0030634,              0.0030634
                   1053,                  1.091,                 2.0343,                 1.0621,                 1.0787,                0.55954,                0.58102,                 0.5269,                0.36039,                0.55848,                0.57152,                0.51636,                0.31252,                 1.0485,                 1.9227,                0.99426,                 1.0612,              0.0030568,              0.0030568,              0.0030568
                   1054,                 1.0916,                 2.0329,                 1.0649,                 1.0785,                0.56049,                0.57949,                0.52688,                 0.3605,                0.55858,                0.57146,                0.51644,                0.31246,                 1.0486,                 1.9226,                0.99425,                 1.0612,              0.0030502,              0.0030502,              0.0030502
                   1055,                 1.0907,                  2.032,                 1.0636,                 1.0784,                 0.5603,                0.58001,                  0.527,                0.36049,                 0.5582,                0.57153,                0.51648,                 0.3126,                 1.0482,                 1.9226,                0.99416,                  1.061,              0.0030436,              0.0030436,              0.0030436
                   1056,                 1.0876,                 2.0306,                 1.0594,                 1.0771,                0.56068,                0.58021,                0.52697,                0.36049,                0.55826,                0.57152,                0.51625,                0.31255,                 1.0482,                 1.9224,                0.99412,                  1.061,               0.003037,               0.003037,               0.003037
                   1057,                 1.0916,                 2.0319,                 1.0616,                 1.0772,                0.56079,                0.58028,                0.52697,                0.36067,                0.55798,                0.57184,                0.51628,                0.31262,                 1.0481,                 1.9223,                0.99401,                 1.0608,              0.0030304,              0.0030304,              0.0030304
                   1058,                 1.0903,                 2.0294,                 1.0609,                 1.0774,                0.56164,                0.57985,                0.52718,                0.36082,                0.55779,                0.57228,                0.51639,                 0.3127,                 1.0482,                 1.9222,                0.99394,                 1.0608,              0.0030238,              0.0030238,              0.0030238
                   1059,                 1.0891,                 2.0295,                 1.0619,                 1.0771,                0.56027,                0.58063,                0.52705,                0.36083,                0.55751,                0.57203,                0.51628,                0.31262,                 1.0481,                 1.9221,                0.99386,                 1.0607,              0.0030172,              0.0030172,              0.0030172
                   1060,                 1.0894,                 2.0297,                 1.0618,                  1.078,                0.55974,                0.58056,                0.52707,                0.36091,                0.55632,                0.57296,                0.51614,                0.31262,                  1.048,                 1.9217,                 0.9938,                 1.0607,              0.0030106,              0.0030106,              0.0030106
                   1061,                 1.0911,                 2.0317,                 1.0644,                 1.0785,                0.55976,                0.58057,                0.52717,                0.36089,                0.55625,                0.57281,                0.51617,                0.31249,                 1.0482,                  1.922,                0.99376,                 1.0608,               0.003004,               0.003004,               0.003004
                   1062,                 1.0897,                 2.0296,                 1.0658,                 1.0785,                0.56013,                0.58049,                0.52708,                0.36094,                0.55675,                0.57315,                0.51624,                0.31248,                 1.0481,                  1.922,                0.99369,                 1.0608,              0.0029974,              0.0029974,              0.0029974
                   1063,                 1.0916,                 2.0327,                 1.0641,                 1.0786,                0.55973,                0.58173,                0.52719,                0.36107,                0.55606,                0.57437,                 0.5163,                0.31262,                 1.0481,                 1.9222,                0.99366,                 1.0609,              0.0029908,              0.0029908,              0.0029908
                   1064,                 1.0943,                 2.0395,                 1.0677,                 1.0793,                0.55945,                0.58164,                0.52704,                0.36096,                0.55713,                0.57315,                0.51633,                0.31239,                 1.0482,                 1.9221,                0.99367,                 1.0609,              0.0029842,              0.0029842,              0.0029842
                   1065,                 1.0884,                 2.0298,                 1.0649,                 1.0777,                0.56104,                0.58052,                0.52713,                0.36086,                0.55679,                0.57431,                0.51637,                0.31259,                 1.0484,                 1.9216,                0.99376,                 1.0608,              0.0029776,              0.0029776,              0.0029776
                   1066,                 1.0948,                 2.0422,                 1.0678,                 1.0789,                0.56087,                0.58071,                0.52728,                0.36101,                0.55794,                0.57353,                0.51651,                0.31273,                 1.0483,                 1.9216,                0.99374,                 1.0608,               0.002971,               0.002971,               0.002971
                   1067,                 1.0904,                  2.031,                 1.0664,                 1.0798,                0.55954,                 0.5819,                0.52741,                0.36107,                0.55675,                0.57498,                 0.5166,                 0.3128,                 1.0481,                 1.9217,                0.99361,                 1.0606,              0.0029644,              0.0029644,              0.0029644
                   1068,                 1.0931,                 2.0339,                 1.0675,                 1.0789,                0.56102,                0.58102,                0.52742,                0.36119,                0.55829,                0.57398,                0.51663,                0.31282,                 1.0481,                 1.9217,                0.99347,                 1.0606,              0.0029578,              0.0029578,              0.0029578
                   1069,                 1.0872,                  2.022,                 1.0595,                 1.0757,                0.55939,                0.58187,                0.52723,                0.36111,                0.55805,                0.57359,                0.51647,                0.31283,                 1.0482,                 1.9218,                0.99355,                 1.0605,              0.0029512,              0.0029512,              0.0029512
                   1070,                 1.0882,                 2.0222,                 1.0598,                 1.0778,                0.56033,                0.58252,                 0.5275,                 0.3613,                0.55653,                 0.5751,                0.51666,                0.31299,                 1.0481,                 1.9218,                0.99353,                 1.0605,              0.0029446,              0.0029446,              0.0029446
                   1071,                 1.0906,                 2.0326,                 1.0633,                 1.0775,                0.55891,                0.58338,                0.52742,                0.36127,                0.55741,                0.57409,                0.51686,                0.31295,                  1.048,                 1.9216,                0.99348,                 1.0605,               0.002938,               0.002938,               0.002938
                   1072,                 1.0916,                 2.0316,                 1.0626,                 1.0779,                 0.5594,                0.58228,                0.52737,                0.36116,                0.55716,                 0.5737,                0.51679,                0.31293,                 1.0481,                 1.9214,                 0.9936,                 1.0606,              0.0029314,              0.0029314,              0.0029314
                   1073,                 1.0887,                 2.0261,                 1.0604,                 1.0783,                0.55934,                 0.5828,                0.52733,                0.36105,                0.55641,                0.57394,                0.51662,                0.31273,                 1.0479,                 1.9216,                0.99349,                 1.0606,              0.0029248,              0.0029248,              0.0029248
                   1074,                 1.0893,                 2.0265,                  1.059,                 1.0774,                0.55918,                0.58281,                0.52734,                 0.3611,                0.55694,                0.57422,                0.51658,                0.31284,                  1.048,                 1.9213,                0.99345,                 1.0606,              0.0029182,              0.0029182,              0.0029182
                   1075,                 1.0917,                 2.0294,                 1.0656,                 1.0799,                0.55939,                0.58284,                0.52765,                 0.3612,                0.55685,                0.57404,                0.51676,                 0.3129,                 1.0481,                 1.9215,                 0.9933,                 1.0608,              0.0029116,              0.0029116,              0.0029116
                   1076,                 1.0893,                 2.0264,                 1.0612,                  1.078,                0.55961,                0.58301,                0.52755,                 0.3611,                0.55701,                0.57452,                0.51687,                0.31259,                 1.0482,                 1.9215,                0.99336,                 1.0608,               0.002905,               0.002905,               0.002905
                   1077,                 1.0919,                 2.0295,                 1.0588,                 1.0773,                0.55885,                0.58297,                0.52748,                0.36106,                0.55718,                0.57335,                0.51675,                0.31248,                 1.0482,                 1.9215,                 0.9934,                 1.0608,              0.0028984,              0.0028984,              0.0028984
                   1078,                 1.0885,                 2.0275,                 1.0603,                 1.0774,                0.55851,                0.58288,                 0.5274,                  0.361,                0.55659,                0.57334,                0.51666,                0.31248,                 1.0483,                 1.9217,                0.99331,                 1.0608,              0.0028918,              0.0028918,              0.0028918
                   1079,                 1.0886,                 2.0277,                 1.0582,                 1.0767,                0.55849,                0.58325,                0.52769,                 0.3612,                0.55802,                0.57263,                0.51708,                0.31288,                 1.0482,                 1.9213,                 0.9933,                 1.0607,              0.0028852,              0.0028852,              0.0028852
                   1080,                  1.093,                  2.035,                 1.0645,                 1.0772,                0.55771,                0.58282,                0.52774,                0.36123,                 0.5561,                0.57367,                0.51706,                0.31302,                 1.0481,                 1.9213,                0.99313,                 1.0607,              0.0028786,              0.0028786,              0.0028786
                   1081,                 1.0918,                 2.0364,                 1.0662,                  1.079,                0.55782,                0.58285,                0.52807,                0.36137,                0.55631,                0.57372,                0.51718,                0.31311,                 1.0482,                 1.9214,                0.99323,                 1.0607,               0.002872,               0.002872,               0.002872
                   1082,                 1.0897,                 2.0316,                 1.0598,                 1.0764,                0.55926,                0.58209,                0.52796,                0.36135,                0.55661,                0.57389,                0.51717,                0.31322,                 1.0481,                 1.9214,                0.99315,                 1.0607,              0.0028654,              0.0028654,              0.0028654
                   1083,                 1.0876,                 2.0277,                 1.0596,                 1.0773,                 0.5584,                0.58336,                0.52804,                0.36146,                0.55543,                0.57402,                0.51735,                 0.3133,                 1.0481,                 1.9213,                0.99316,                 1.0607,              0.0028588,              0.0028588,              0.0028588
                   1084,                 1.0913,                  2.032,                 1.0604,                 1.0769,                0.55773,                0.58341,                 0.5279,                0.36134,                0.55479,                0.57411,                0.51726,                0.31328,                 1.0481,                 1.9211,                0.99312,                 1.0607,              0.0028522,              0.0028522,              0.0028522
                   1085,                 1.0889,                  2.025,                 1.0616,                 1.0773,                 0.5568,                0.58378,                0.52792,                0.36127,                0.55373,                0.57549,                0.51726,                0.31329,                  1.048,                 1.9212,                0.99321,                 1.0606,              0.0028456,              0.0028456,              0.0028456
                   1086,                 1.0864,                 2.0246,                 1.0623,                 1.0759,                0.55504,                0.58479,                0.52766,                0.36126,                0.55465,                 0.5744,                0.51688,                0.31323,                  1.048,                 1.9211,                0.99322,                 1.0606,               0.002839,               0.002839,               0.002839
                   1087,                 1.0914,                 2.0357,                 1.0605,                 1.0783,                0.55621,                0.58392,                0.52754,                0.36111,                0.55322,                0.57567,                0.51681,                0.31307,                  1.048,                 1.9214,                0.99306,                 1.0607,              0.0028324,              0.0028324,              0.0028324
                   1088,                 1.0885,                 2.0275,                 1.0609,                 1.0771,                0.55708,                0.58331,                0.52762,                0.36108,                0.55564,                0.57405,                0.51688,                0.31311,                  1.048,                 1.9215,                0.99314,                 1.0607,              0.0028258,              0.0028258,              0.0028258
                   1089,                 1.0898,                 2.0229,                 1.0596,                 1.0768,                0.55721,                0.58325,                0.52744,                0.36103,                 0.5552,                0.57425,                0.51672,                0.31288,                  1.048,                 1.9216,                0.99326,                 1.0607,              0.0028192,              0.0028192,              0.0028192
                   1090,                 1.0902,                 2.0283,                 1.0615,                 1.0766,                0.55737,                0.58363,                0.52736,                0.36113,                0.55548,                 0.5742,                0.51676,                 0.3129,                 1.0479,                 1.9216,                0.99325,                 1.0606,              0.0028126,              0.0028126,              0.0028126
                   1091,                 1.0892,                 2.0281,                 1.0598,                 1.0763,                0.55722,                0.58329,                0.52735,                0.36107,                0.55562,                0.57423,                0.51673,                0.31301,                 1.0479,                 1.9217,                0.99314,                 1.0607,               0.002806,               0.002806,               0.002806
                   1092,                 1.0903,                  2.033,                 1.0607,                 1.0767,                0.55704,                0.58385,                0.52724,                0.36113,                0.55448,                 0.5751,                0.51667,                0.31301,                  1.048,                 1.9215,                0.99308,                 1.0608,              0.0027994,              0.0027994,              0.0027994
                   1093,                 1.0909,                 2.0355,                 1.0626,                  1.077,                0.55722,                0.58417,                0.52725,                0.36116,                0.55496,                0.57485,                0.51644,                0.31293,                 1.0482,                 1.9219,                0.99309,                 1.0608,              0.0027928,              0.0027928,              0.0027928
                   1094,                 1.0869,                 2.0273,                 1.0596,                 1.0761,                0.55618,                 0.5839,                0.52753,                0.36138,                0.55546,                0.57404,                0.51658,                0.31309,                  1.048,                 1.9217,                  0.993,                 1.0607,              0.0027862,              0.0027862,              0.0027862
                   1095,                 1.0896,                 2.0276,                 1.0617,                 1.0778,                0.55657,                0.58366,                0.52767,                0.36129,                0.55541,                0.57345,                0.51657,                0.31303,                  1.048,                 1.9218,                0.99294,                 1.0608,              0.0027796,              0.0027796,              0.0027796
                   1096,                 1.0863,                 2.0215,                 1.0572,                 1.0759,                0.55602,                 0.5838,                0.52767,                0.36123,                0.55537,                0.57361,                0.51673,                0.31304,                 1.0481,                 1.9218,                0.99294,                 1.0608,               0.002773,               0.002773,               0.002773
                   1097,                 1.0864,                  2.024,                 1.0587,                 1.0775,                0.55698,                0.58312,                0.52752,                0.36129,                0.55593,                0.57378,                0.51682,                0.31315,                 1.0481,                 1.9216,                0.99293,                 1.0608,              0.0027664,              0.0027664,              0.0027664
                   1098,                 1.0907,                  2.033,                 1.0582,                 1.0769,                0.55692,                0.58375,                0.52762,                0.36132,                0.55559,                0.57385,                0.51687,                0.31318,                 1.0478,                 1.9212,                0.99284,                 1.0608,              0.0027598,              0.0027598,              0.0027598
                   1099,                 1.0887,                 2.0261,                 1.0584,                 1.0776,                0.55687,                0.58391,                 0.5275,                0.36115,                0.55633,                0.57296,                0.51687,                0.31306,                 1.0479,                 1.9213,                0.99277,                 1.0609,              0.0027532,              0.0027532,              0.0027532
                   1100,                 1.0889,                 2.0306,                 1.0584,                 1.0769,                0.55764,                0.58292,                0.52721,                0.36117,                0.55589,                0.57344,                0.51675,                0.31311,                 1.0479,                 1.9211,                0.99279,                 1.0608,              0.0027466,              0.0027466,              0.0027466
                   1101,                 1.0853,                 2.0251,                 1.0571,                 1.0763,                0.55696,                0.58339,                0.52736,                0.36128,                0.55446,                0.57391,                0.51682,                0.31315,                 1.0481,                 1.9213,                0.99282,                 1.0609,                0.00274,                0.00274,                0.00274
                   1102,                 1.0909,                 2.0302,                 1.0604,                 1.0773,                0.55594,                0.58465,                0.52747,                0.36129,                0.55419,                0.57501,                0.51688,                0.31317,                 1.0481,                 1.9211,                0.99291,                 1.0609,              0.0027334,              0.0027334,              0.0027334
                   1103,                 1.0915,                 2.0317,                 1.0564,                 1.0758,                0.55653,                 0.5847,                0.52746,                0.36123,                0.55448,                0.57512,                0.51685,                0.31313,                 1.0481,                  1.921,                0.99283,                 1.0608,              0.0027268,              0.0027268,              0.0027268
                   1104,                 1.0905,                 2.0292,                 1.0604,                 1.0773,                0.55579,                0.58574,                 0.5277,                 0.3614,                0.55545,                0.57405,                0.51692,                0.31324,                  1.048,                 1.9208,                 0.9927,                 1.0608,              0.0027202,              0.0027202,              0.0027202
                   1105,                 1.0917,                 2.0318,                 1.0602,                 1.0775,                0.55786,                0.58391,                0.52767,                0.36147,                0.55566,                0.57418,                0.51688,                0.31318,                  1.048,                 1.9212,                0.99285,                 1.0608,              0.0027136,              0.0027136,              0.0027136
                   1106,                 1.0909,                 2.0321,                 1.0606,                 1.0775,                0.55636,                0.58485,                0.52744,                0.36136,                0.55627,                0.57342,                0.51675,                0.31335,                 1.0479,                 1.9212,                 0.9929,                 1.0608,               0.002707,               0.002707,               0.002707
                   1107,                 1.0924,                 2.0329,                 1.0627,                  1.078,                0.55616,                0.58567,                0.52767,                0.36144,                0.55574,                0.57455,                0.51699,                0.31343,                 1.0479,                  1.921,                0.99293,                 1.0608,              0.0027004,              0.0027004,              0.0027004
                   1108,                 1.0891,                 2.0281,                 1.0554,                 1.0762,                0.55639,                0.58535,                0.52756,                0.36143,                0.55608,                0.57418,                 0.5167,                0.31321,                 1.0478,                  1.921,                0.99298,                 1.0608,              0.0026938,              0.0026938,              0.0026938
                   1109,                 1.0879,                  2.029,                 1.0569,                 1.0768,                0.55684,                 0.5852,                0.52758,                0.36138,                 0.5568,                 0.5743,                 0.5169,                0.31341,                 1.0479,                 1.9211,                0.99293,                 1.0608,              0.0026872,              0.0026872,              0.0026872
                   1110,                 1.0868,                 2.0209,                 1.0572,                 1.0769,                0.55705,                0.58512,                0.52788,                0.36154,                0.55752,                0.57408,                0.51709,                0.31339,                 1.0478,                  1.921,                0.99295,                 1.0608,              0.0026806,              0.0026806,              0.0026806
                   1111,                  1.092,                 2.0319,                 1.0596,                 1.0766,                0.55578,                0.58644,                0.52773,                0.36151,                0.55474,                0.57499,                0.51678,                0.31347,                  1.048,                 1.9211,                0.99292,                 1.0608,               0.002674,               0.002674,               0.002674
                   1112,                 1.0879,                 2.0292,                 1.0596,                 1.0749,                0.55618,                0.58505,                0.52764,                0.36158,                0.55519,                0.57531,                0.51699,                0.31339,                  1.048,                  1.921,                0.99272,                 1.0609,              0.0026674,              0.0026674,              0.0026674
                   1113,                 1.0861,                 2.0241,                 1.0568,                 1.0752,                0.55582,                0.58627,                0.52779,                0.36141,                0.55715,                0.57389,                0.51695,                0.31335,                  1.048,                 1.9209,                0.99275,                 1.0608,              0.0026608,              0.0026608,              0.0026608
                   1114,                 1.0843,                 2.0199,                 1.0533,                 1.0758,                0.55629,                0.58649,                 0.5277,                0.36121,                  0.557,                0.57405,                0.51698,                0.31322,                  1.048,                 1.9209,                0.99275,                 1.0609,              0.0026542,              0.0026542,              0.0026542
                   1115,                  1.089,                 2.0267,                 1.0609,                 1.0777,                0.55785,                0.58426,                0.52779,                0.36137,                0.55708,                0.57381,                0.51711,                0.31329,                 1.0481,                 1.9208,                0.99275,                 1.0608,              0.0026476,              0.0026476,              0.0026476
                   1116,                 1.0874,                 2.0242,                 1.0562,                 1.0759,                0.55871,                0.58319,                0.52757,                0.36118,                0.55575,                0.57507,                 0.5168,                0.31321,                  1.048,                 1.9204,                 0.9928,                 1.0608,               0.002641,               0.002641,               0.002641
                   1117,                 1.0829,                 2.0146,                 1.0545,                 1.0747,                0.55755,                0.58421,                0.52753,                0.36113,                0.55688,                0.57436,                0.51689,                0.31317,                  1.048,                 1.9204,                0.99277,                 1.0608,              0.0026344,              0.0026344,              0.0026344
                   1118,                 1.0856,                 2.0234,                 1.0561,                 1.0741,                0.55792,                0.58357,                0.52742,                0.36116,                 0.5549,                0.57541,                0.51676,                0.31325,                 1.0481,                 1.9202,                0.99282,                 1.0608,              0.0026278,              0.0026278,              0.0026278
                   1119,                 1.0871,                 2.0247,                 1.0554,                 1.0753,                0.55739,                0.58376,                0.52773,                0.36126,                0.55669,                0.57443,                0.51694,                 0.3132,                 1.0481,                 1.9202,                0.99275,                 1.0608,              0.0026212,              0.0026212,              0.0026212
                   1120,                 1.0869,                 2.0233,                 1.0567,                 1.0758,                 0.5582,                0.58337,                0.52732,                0.36117,                0.55713,                0.57445,                0.51701,                0.31326,                 1.0481,                 1.9203,                0.99277,                 1.0608,              0.0026146,              0.0026146,              0.0026146
                   1121,                 1.0865,                  2.019,                 1.0535,                 1.0753,                0.55818,                0.58341,                0.52763,                0.36126,                 0.5582,                0.57308,                0.51689,                0.31337,                  1.048,                 1.9202,                0.99261,                 1.0606,               0.002608,               0.002608,               0.002608
                   1122,                 1.0836,                 2.0185,                 1.0537,                 1.0747,                0.55963,                0.58219,                0.52765,                0.36131,                0.55771,                0.57308,                0.51705,                0.31342,                 1.0479,                   1.92,                0.99267,                 1.0606,              0.0026014,              0.0026014,              0.0026014
                   1123,                 1.0835,                 2.0189,                 1.0514,                 1.0743,                  0.558,                0.58332,                0.52775,                0.36135,                0.55696,                0.57368,                0.51708,                0.31342,                 1.0479,                 1.9202,                0.99261,                 1.0606,              0.0025948,              0.0025948,              0.0025948
                   1124,                 1.0876,                 2.0281,                 1.0591,                 1.0764,                0.55856,                0.58264,                 0.5278,                0.36149,                0.55631,                0.57371,                0.51724,                0.31359,                 1.0477,                   1.92,                0.99256,                 1.0605,              0.0025882,              0.0025882,              0.0025882
                   1125,                 1.0873,                   2.02,                 1.0539,                 1.0757,                0.55907,                0.58205,                0.52771,                0.36131,                0.55696,                0.57357,                0.51695,                0.31342,                 1.0477,                   1.92,                0.99268,                 1.0605,              0.0025816,              0.0025816,              0.0025816
                   1126,                 1.0863,                 2.0223,                 1.0564,                 1.0747,                0.55867,                0.58254,                0.52791,                0.36154,                0.55698,                0.57382,                0.51725,                0.31358,                 1.0476,                 1.9197,                0.99245,                 1.0604,               0.002575,               0.002575,               0.002575
                   1127,                  1.088,                  2.029,                 1.0601,                 1.0757,                0.55824,                0.58252,                0.52798,                0.36166,                0.55721,                0.57315,                0.51722,                0.31365,                 1.0475,                 1.9196,                0.99241,                 1.0604,              0.0025684,              0.0025684,              0.0025684
                   1128,                  1.089,                  2.025,                 1.0559,                 1.0757,                0.55947,                 0.5823,                0.52797,                0.36176,                 0.5571,                 0.5739,                0.51739,                0.31367,                 1.0474,                 1.9196,                0.99244,                 1.0603,              0.0025618,              0.0025618,              0.0025618
                   1129,                 1.0877,                 2.0279,                 1.0591,                 1.0761,                0.55947,                0.58239,                0.52788,                0.36169,                0.55827,                0.57327,                0.51725,                0.31389,                 1.0472,                 1.9196,                0.99236,                 1.0603,              0.0025552,              0.0025552,              0.0025552
                   1130,                 1.0841,                 2.0204,                  1.053,                 1.0745,                0.56043,                0.58097,                0.52789,                0.36173,                0.55795,                0.57313,                 0.5174,                0.31369,                 1.0474,                 1.9196,                0.99242,                 1.0602,              0.0025486,              0.0025486,              0.0025486
                   1131,                 1.0845,                 2.0211,                 1.0564,                 1.0748,                0.55971,                0.58207,                0.52778,                0.36162,                0.55756,                0.57399,                0.51735,                0.31383,                 1.0474,                 1.9194,                0.99231,                 1.0602,               0.002542,               0.002542,               0.002542
                   1132,                 1.0829,                 2.0182,                 1.0516,                 1.0744,                  0.559,                0.58137,                0.52782,                0.36153,                0.55814,                 0.5729,                0.51717,                0.31375,                 1.0475,                 1.9197,                0.99231,                 1.0602,              0.0025354,              0.0025354,              0.0025354
                   1133,                 1.0851,                  2.019,                  1.055,                 1.0763,                0.55868,                0.58167,                0.52784,                0.36151,                0.55677,                0.57351,                0.51714,                0.31372,                 1.0474,                 1.9195,                0.99236,                 1.0601,              0.0025288,              0.0025288,              0.0025288
                   1134,                 1.0875,                 2.0242,                 1.0546,                  1.075,                0.55901,                 0.5815,                  0.528,                0.36146,                0.55758,                 0.5725,                0.51718,                0.31376,                 1.0476,                 1.9196,                0.99234,                 1.0601,              0.0025222,              0.0025222,              0.0025222
                   1135,                 1.0872,                 2.0234,                 1.0541,                 1.0747,                0.55874,                0.58159,                0.52802,                0.36154,                0.55674,                0.57343,                0.51727,                 0.3137,                 1.0476,                 1.9195,                0.99234,                   1.06,              0.0025156,              0.0025156,              0.0025156
                   1136,                 1.0835,                 2.0158,                 1.0508,                 1.0738,                 0.5599,                0.58023,                0.52805,                0.36147,                0.55792,                0.57251,                0.51741,                0.31376,                 1.0478,                 1.9196,                0.99244,                 1.0601,               0.002509,               0.002509,               0.002509
                   1137,                 1.0856,                 2.0195,                 1.0522,                 1.0749,                0.55806,                0.58137,                0.52794,                0.36151,                0.55754,                0.57245,                0.51733,                0.31373,                 1.0478,                 1.9195,                0.99236,                 1.0602,              0.0025024,              0.0025024,              0.0025024
                   1138,                 1.0868,                  2.022,                 1.0533,                 1.0758,                0.55826,                0.58129,                0.52802,                0.36147,                0.55855,                0.57133,                0.51742,                 0.3137,                 1.0478,                 1.9192,                0.99235,                 1.0602,              0.0024958,              0.0024958,              0.0024958
                   1139,                 1.0819,                 2.0133,                 1.0508,                 1.0728,                0.55882,                0.58127,                0.52819,                0.36153,                0.55761,                0.57209,                0.51746,                0.31362,                 1.0479,                  1.919,                 0.9923,                 1.0602,              0.0024892,              0.0024892,              0.0024892
                   1140,                 1.0849,                 2.0183,                 1.0508,                 1.0738,                0.55859,                0.58084,                0.52808,                0.36148,                0.55784,                0.57204,                0.51727,                0.31364,                  1.048,                 1.9192,                0.99234,                 1.0601,              0.0024826,              0.0024826,              0.0024826
                   1141,                 1.0819,                 2.0126,                 1.0491,                 1.0731,                0.56017,                0.57974,                0.52803,                0.36145,                0.55904,                0.57086,                0.51724,                0.31357,                 1.0481,                 1.9196,                0.99235,                 1.0602,               0.002476,               0.002476,               0.002476
                   1142,                 1.0829,                 2.0169,                 1.0503,                 1.0738,                0.56102,                0.57898,                0.52786,                0.36146,                0.55949,                0.57046,                0.51738,                0.31364,                 1.0481,                 1.9197,                0.99238,                 1.0602,              0.0024694,              0.0024694,              0.0024694
                   1143,                 1.0861,                 2.0239,                 1.0564,                  1.074,                0.56197,                0.57912,                0.52783,                0.36134,                0.55934,                0.57045,                0.51719,                0.31355,                 1.0481,                 1.9197,                0.99239,                 1.0602,              0.0024628,              0.0024628,              0.0024628
                   1144,                 1.0861,                 2.0227,                 1.0546,                  1.074,                0.56152,                0.57972,                0.52795,                0.36144,                0.56075,                0.56987,                 0.5171,                0.31349,                 1.0482,                 1.9196,                0.99228,                 1.0602,              0.0024562,              0.0024562,              0.0024562
                   1145,                 1.0827,                 2.0136,                 1.0512,                 1.0742,                0.56107,                0.57943,                0.52796,                0.36145,                0.56093,                0.56993,                0.51752,                 0.3136,                 1.0481,                 1.9195,                0.99228,                 1.0602,              0.0024496,              0.0024496,              0.0024496
                   1146,                 1.0826,                 2.0177,                 1.0545,                 1.0729,                0.56079,                0.57948,                0.52797,                0.36147,                0.55946,                0.57066,                0.51706,                0.31351,                 1.0481,                 1.9195,                0.99228,                 1.0601,               0.002443,               0.002443,               0.002443
                   1147,                 1.0841,                  2.019,                  1.054,                 1.0755,                0.55972,                0.57998,                0.52775,                0.36138,                0.55825,                0.57125,                0.51688,                0.31341,                 1.0481,                 1.9195,                0.99228,                 1.0602,              0.0024364,              0.0024364,              0.0024364
                   1148,                  1.086,                  2.022,                 1.0537,                 1.0737,                 0.5596,                0.57989,                0.52791,                 0.3615,                0.55924,                0.57156,                0.51719,                0.31354,                 1.0481,                 1.9195,                0.99231,                 1.0602,              0.0024298,              0.0024298,              0.0024298
                   1149,                 1.0851,                 2.0189,                 1.0515,                  1.074,                 0.5592,                0.58101,                0.52782,                0.36115,                0.55957,                0.57071,                0.51687,                0.31341,                 1.0482,                 1.9196,                0.99221,                 1.0602,              0.0024232,              0.0024232,              0.0024232
                   1150,                 1.0885,                 2.0328,                 1.0571,                 1.0758,                0.55965,                0.58122,                0.52771,                0.36121,                0.56044,                0.57075,                 0.5169,                0.31335,                  1.048,                 1.9195,                0.99214,                 1.0601,              0.0024166,              0.0024166,              0.0024166
                   1151,                 1.0841,                 2.0201,                 1.0506,                 1.0729,                0.56062,                 0.5806,                0.52769,                0.36121,                0.56151,                0.57017,                 0.5169,                0.31335,                  1.048,                 1.9194,                 0.9921,                   1.06,                0.00241,                0.00241,                0.00241
                   1152,                 1.0853,                 2.0166,                 1.0586,                 1.0758,                0.55908,                0.58169,                0.52774,                 0.3611,                0.56183,                0.57035,                0.51738,                0.31336,                  1.048,                 1.9196,                 0.9921,                   1.06,              0.0024034,              0.0024034,              0.0024034
                   1153,                 1.0858,                 2.0181,                 1.0524,                 1.0727,                0.56172,                0.58032,                0.52773,                0.36113,                0.56182,                0.57087,                0.51742,                0.31327,                 1.0479,                 1.9195,                0.99222,                   1.06,              0.0023968,              0.0023968,              0.0023968
                   1154,                 1.0838,                  2.019,                 1.0526,                 1.0741,                0.56138,                0.58014,                0.52773,                0.36108,                0.55996,                 0.5715,                0.51734,                0.31314,                 1.0479,                 1.9196,                0.99215,                 1.0599,              0.0023902,              0.0023902,              0.0023902
                   1155,                 1.0838,                 2.0186,                 1.0544,                 1.0737,                0.56083,                0.57983,                0.52775,                0.36122,                0.55953,                0.57181,                0.51743,                0.31329,                 1.0477,                 1.9195,                0.99211,                 1.0599,              0.0023836,              0.0023836,              0.0023836
                   1156,                 1.0826,                 2.0147,                  1.049,                 1.0734,                0.56083,                0.57963,                0.52789,                0.36122,                0.56078,                0.56987,                0.51714,                0.31313,                 1.0476,                 1.9197,                0.99219,                 1.0599,               0.002377,               0.002377,               0.002377
                   1157,                 1.0821,                 2.0122,                 1.0479,                 1.0735,                0.56033,                 0.5797,                0.52781,                0.36115,                0.55896,                0.57075,                  0.517,                0.31308,                 1.0477,                 1.9198,                0.99229,                 1.0599,              0.0023704,              0.0023704,              0.0023704
                   1158,                 1.0842,                 2.0174,                 1.0506,                 1.0733,                0.55969,                0.58036,                0.52774,                0.36096,                0.55888,                0.57038,                0.51679,                0.31286,                 1.0475,                   1.92,                0.99246,                 1.0597,              0.0023638,              0.0023638,              0.0023638
                   1159,                 1.0849,                 2.0227,                 1.0526,                 1.0747,                0.55863,                0.58124,                0.52777,                0.36101,                0.55973,                0.56925,                0.51678,                0.31269,                 1.0475,                 1.9199,                0.99242,                 1.0597,              0.0023572,              0.0023572,              0.0023572
                   1160,                  1.084,                   2.02,                 1.0504,                 1.0723,                0.55947,                0.57996,                0.52767,                0.36088,                0.55763,                0.57086,                0.51663,                0.31268,                 1.0475,                 1.9201,                 0.9924,                 1.0596,              0.0023506,              0.0023506,              0.0023506
                   1161,                 1.0863,                 2.0174,                 1.0534,                 1.0735,                0.55944,                0.57996,                 0.5276,                0.36083,                0.55811,                0.57048,                0.51675,                0.31267,                 1.0474,                 1.9202,                0.99219,                 1.0595,               0.002344,               0.002344,               0.002344
                   1162,                 1.0847,                 2.0186,                 1.0518,                  1.075,                0.55837,                0.58088,                0.52768,                0.36099,                0.55744,                0.57098,                 0.5167,                0.31269,                 1.0473,                 1.9202,                0.99211,                 1.0595,              0.0023374,              0.0023374,              0.0023374
                   1163,                 1.0841,                 2.0203,                 1.0493,                 1.0731,                0.55884,                 0.5801,                0.52759,                0.36094,                0.55712,                0.57109,                 0.5166,                0.31263,                 1.0472,                   1.92,                0.99222,                 1.0594,              0.0023308,              0.0023308,              0.0023308
                   1164,                 1.0856,                 2.0234,                 1.0538,                 1.0753,                0.55761,                0.58115,                0.52763,                0.36095,                0.55701,                0.57116,                 0.5167,                0.31263,                 1.0471,                 1.9201,                0.99222,                 1.0594,              0.0023242,              0.0023242,              0.0023242
                   1165,                 1.0826,                 2.0165,                 1.0492,                 1.0723,                0.55784,                0.58133,                0.52761,                0.36082,                0.55679,                0.57074,                0.51641,                0.31254,                 1.0472,                 1.9198,                0.99216,                 1.0594,              0.0023176,              0.0023176,              0.0023176
                   1166,                 1.0841,                 2.0172,                 1.0466,                 1.0731,                0.55784,                0.58111,                 0.5276,                0.36083,                0.55591,                0.57177,                0.51669,                0.31261,                 1.0473,                 1.9199,                 0.9922,                 1.0595,               0.002311,               0.002311,               0.002311
                   1167,                 1.0832,                   2.02,                 1.0506,                 1.0732,                0.55806,                0.58084,                0.52725,                0.36082,                0.55525,                0.57215,                0.51644,                0.31256,                  1.047,                 1.9196,                0.99231,                 1.0594,              0.0023044,              0.0023044,              0.0023044
                   1168,                 1.0829,                 2.0156,                 1.0479,                 1.0719,                0.55782,                0.58035,                0.52729,                0.36083,                0.55595,                0.57099,                0.51631,                0.31259,                  1.047,                 1.9197,                0.99219,                 1.0595,              0.0022978,              0.0022978,              0.0022978
                   1169,                 1.0834,                  2.014,                 1.0481,                 1.0716,                0.55991,                 0.5783,                0.52731,                0.36078,                0.55734,                0.56977,                0.51626,                0.31255,                  1.047,                 1.9194,                0.99217,                 1.0594,              0.0022912,              0.0022912,              0.0022912
                   1170,                 1.0796,                 2.0036,                 1.0445,                 1.0722,                 0.5592,                0.57908,                0.52737,                0.36073,                0.55765,                0.56978,                0.51627,                0.31258,                 1.0471,                 1.9195,                0.99212,                 1.0594,              0.0022846,              0.0022846,              0.0022846
                   1171,                 1.0823,                 2.0137,                 1.0498,                 1.0736,                0.55966,                0.57914,                0.52735,                0.36079,                0.55669,                0.57085,                0.51618,                0.31257,                 1.0471,                 1.9194,                0.99217,                 1.0595,               0.002278,               0.002278,               0.002278
                   1172,                 1.0856,                 2.0187,                 1.0494,                 1.0739,                0.55864,                0.57998,                0.52742,                0.36086,                0.55618,                0.57135,                0.51617,                0.31265,                 1.0472,                 1.9195,                0.99217,                 1.0596,              0.0022714,              0.0022714,              0.0022714
                   1173,                 1.0852,                 2.0193,                 1.0528,                 1.0739,                0.55935,                0.57875,                0.52727,                0.36076,                 0.5561,                0.57021,                0.51597,                0.31253,                 1.0473,                 1.9197,                0.99231,                 1.0597,              0.0022648,              0.0022648,              0.0022648
                   1174,                 1.0842,                 2.0169,                 1.0492,                 1.0726,                 0.5604,                0.57814,                0.52711,                0.36078,                0.55641,                0.57026,                0.51597,                0.31256,                 1.0474,                 1.9196,                0.99229,                 1.0597,              0.0022582,              0.0022582,              0.0022582
                   1175,                 1.0883,                 2.0264,                 1.0551,                 1.0756,                0.56006,                0.57806,                0.52712,                0.36079,                0.55773,                0.56933,                0.51605,                0.31264,                 1.0474,                 1.9198,                0.99225,                 1.0597,              0.0022516,              0.0022516,              0.0022516
                   1176,                 1.0816,                 2.0159,                 1.0476,                  1.071,                0.55788,                0.58039,                0.52728,                0.36083,                 0.5572,                 0.5693,                0.51592,                0.31257,                 1.0475,                 1.9199,                 0.9923,                 1.0597,               0.002245,               0.002245,               0.002245
                   1177,                 1.0789,                 2.0063,                 1.0486,                 1.0717,                0.55838,                0.58013,                0.52746,                0.36095,                0.55743,                0.56947,                0.51603,                0.31269,                 1.0475,                 1.9196,                0.99233,                 1.0597,              0.0022384,              0.0022384,              0.0022384
                   1178,                  1.078,                 2.0052,                 1.0458,                 1.0726,                0.55854,                0.58023,                0.52752,                0.36085,                0.55798,                0.56965,                0.51608,                0.31272,                 1.0476,                 1.9196,                0.99224,                 1.0597,              0.0022318,              0.0022318,              0.0022318
                   1179,                 1.0845,                 2.0204,                 1.0525,                 1.0736,                0.56036,                0.57883,                0.52757,                0.36082,                0.55748,                 0.5698,                  0.516,                0.31279,                 1.0477,                 1.9198,                0.99222,                 1.0598,              0.0022252,              0.0022252,              0.0022252
                   1180,                 1.0794,                 2.0063,                 1.0462,                 1.0719,                0.56027,                  0.579,                0.52752,                 0.3608,                0.55734,                 0.5699,                0.51594,                0.31278,                 1.0478,                 1.9199,                0.99209,                 1.0597,              0.0022186,              0.0022186,              0.0022186
                   1181,                 1.0793,                 2.0091,                 1.0486,                 1.0731,                0.56025,                0.57995,                0.52775,                0.36082,                0.55786,                0.56979,                0.51602,                0.31268,                 1.0478,                 1.9196,                0.99198,                 1.0597,               0.002212,               0.002212,               0.002212
                   1182,                 1.0802,                 2.0103,                 1.0486,                 1.0734,                0.55922,                 0.5811,                0.52806,                0.36083,                0.55671,                0.57124,                0.51622,                0.31279,                 1.0479,                 1.9194,                0.99216,                 1.0597,              0.0022054,              0.0022054,              0.0022054
                   1183,                 1.0808,                 2.0076,                 1.0421,                 1.0712,                0.55916,                0.58072,                0.52787,                0.36091,                0.55718,                0.57118,                0.51622,                0.31272,                  1.048,                 1.9194,                0.99227,                 1.0598,              0.0021988,              0.0021988,              0.0021988
                   1184,                 1.0809,                 2.0121,                 1.0451,                  1.072,                0.55894,                0.58049,                0.52786,                0.36103,                0.55693,                0.57234,                0.51638,                0.31296,                  1.048,                 1.9194,                0.99229,                 1.0598,              0.0021922,              0.0021922,              0.0021922
                   1185,                 1.0841,                 2.0109,                 1.0456,                 1.0731,                0.55925,                 0.5813,                0.52807,                0.36113,                0.55692,                0.57204,                 0.5163,                0.31308,                 1.0479,                 1.9194,                0.99212,                 1.0597,              0.0021856,              0.0021856,              0.0021856
                   1186,                 1.0827,                 2.0149,                 1.0452,                 1.0721,                0.56014,                0.58067,                0.52818,                0.36109,                0.55759,                0.57217,                0.51639,                0.31299,                 1.0477,                 1.9194,                0.99206,                 1.0596,               0.002179,               0.002179,               0.002179
                   1187,                 1.0794,                 2.0084,                  1.047,                  1.071,                0.56006,                0.58058,                0.52802,                  0.361,                0.55788,                 0.5708,                0.51619,                0.31293,                 1.0477,                 1.9195,                0.99203,                 1.0595,              0.0021724,              0.0021724,              0.0021724
                   1188,                 1.0841,                 2.0178,                 1.0488,                 1.0706,                0.55965,                0.58174,                0.52812,                0.36107,                0.55791,                0.57153,                0.51679,                  0.313,                 1.0477,                 1.9195,                0.99195,                 1.0595,              0.0021658,              0.0021658,              0.0021658
                   1189,                 1.0849,                 2.0219,                 1.0506,                 1.0717,                0.56016,                0.58163,                0.52807,                0.36112,                0.55743,                0.57157,                0.51656,                0.31288,                 1.0479,                 1.9197,                 0.9919,                 1.0595,              0.0021592,              0.0021592,              0.0021592
                   1190,                 1.0792,                 2.0061,                 1.0467,                 1.0715,                   0.56,                0.58172,                0.52807,                0.36121,                0.55774,                0.57231,                0.51681,                0.31289,                 1.0479,                 1.9199,                0.99195,                 1.0595,              0.0021526,              0.0021526,              0.0021526
                   1191,                 1.0847,                 2.0182,                 1.0506,                  1.073,                0.55981,                 0.5825,                0.52804,                0.36118,                 0.5558,                0.57386,                0.51657,                0.31296,                  1.048,                 1.9197,                0.99199,                 1.0595,               0.002146,               0.002146,               0.002146
                   1192,                 1.0815,                 2.0094,                 1.0458,                 1.0716,                0.55963,                0.58255,                0.52815,                0.36139,                0.55727,                0.57333,                0.51686,                0.31312,                 1.0479,                 1.9195,                0.99191,                 1.0594,              0.0021394,              0.0021394,              0.0021394
                   1193,                 1.0791,                 2.0029,                 1.0432,                 1.0709,                0.55881,                0.58387,                0.52816,                0.36141,                  0.556,                 0.5751,                0.51695,                0.31333,                 1.0478,                 1.9196,                0.99193,                 1.0594,              0.0021328,              0.0021328,              0.0021328
                   1194,                 1.0789,                 2.0057,                 1.0457,                 1.0718,                0.55841,                0.58446,                0.52813,                0.36147,                0.55679,                0.57446,                0.51699,                0.31336,                 1.0478,                 1.9197,                0.99201,                 1.0593,              0.0021262,              0.0021262,              0.0021262
                   1195,                  1.079,                  2.007,                 1.0438,                 1.0708,                0.55788,                0.58481,                0.52825,                0.36132,                0.55614,                0.57446,                0.51718,                0.31341,                 1.0479,                 1.9197,                0.99198,                 1.0594,              0.0021196,              0.0021196,              0.0021196
                   1196,                 1.0836,                 2.0218,                 1.0508,                 1.0719,                0.55807,                0.58384,                0.52835,                 0.3614,                0.55551,                0.57473,                0.51721,                0.31344,                 1.0478,                 1.9193,                0.99196,                 1.0594,               0.002113,               0.002113,               0.002113
                   1197,                 1.0791,                 2.0088,                 1.0453,                 1.0714,                0.55962,                0.58321,                0.52829,                0.36137,                 0.5574,                0.57421,                0.51733,                0.31331,                 1.0476,                 1.9189,                0.99191,                 1.0593,              0.0021064,              0.0021064,              0.0021064
                   1198,                 1.0796,                 2.0128,                 1.0499,                 1.0711,                0.55872,                0.58297,                0.52815,                0.36144,                0.55584,                0.57524,                0.51732,                0.31339,                 1.0478,                 1.9188,                 0.9919,                 1.0594,              0.0020998,              0.0020998,              0.0020998
                   1199,                 1.0811,                 2.0095,                 1.0459,                 1.0709,                0.55961,                 0.5823,                 0.5282,                0.36141,                0.55768,                0.57301,                0.51735,                0.31335,                 1.0479,                  1.919,                0.99186,                 1.0594,              0.0020932,              0.0020932,              0.0020932
                   1200,                 1.0778,                 2.0074,                 1.0447,                 1.0714,                0.56096,                0.58127,                0.52816,                0.36145,                0.55846,                0.57298,                0.51735,                0.31337,                  1.048,                  1.919,                0.99184,                 1.0594,              0.0020866,              0.0020866,              0.0020866
                   1201,                 1.0823,                 2.0095,                 1.0454,                 1.0722,                0.55996,                 0.5824,                0.52814,                0.36135,                0.55738,                0.57242,                0.51733,                0.31339,                  1.048,                 1.9188,                0.99179,                 1.0595,                0.00208,                0.00208,                0.00208
                   1202,                 1.0777,                 2.0061,                 1.0444,                  1.071,                0.55938,                0.58208,                0.52835,                0.36134,                0.55706,                0.57257,                0.51723,                0.31328,                  1.048,                 1.9187,                0.99182,                 1.0594,              0.0020734,              0.0020734,              0.0020734
                   1203,                 1.0802,                  2.012,                 1.0466,                 1.0713,                0.56055,                0.58086,                0.52835,                0.36142,                0.55726,                0.57247,                0.51714,                0.31337,                  1.048,                 1.9185,                0.99167,                 1.0594,              0.0020668,              0.0020668,              0.0020668
                   1204,                 1.0765,                 2.0014,                 1.0435,                 1.0723,                0.56109,                 0.5801,                0.52813,                 0.3612,                0.55831,                0.57066,                0.51698,                0.31343,                  1.048,                 1.9185,                0.99175,                 1.0595,              0.0020602,              0.0020602,              0.0020602
                   1205,                  1.078,                 2.0035,                 1.0407,                  1.071,                0.56148,                0.58035,                 0.5281,                0.36123,                0.55734,                0.57244,                0.51708,                0.31339,                 1.0481,                 1.9185,                0.99183,                 1.0596,              0.0020536,              0.0020536,              0.0020536
                   1206,                 1.0791,                 2.0073,                 1.0476,                 1.0715,                0.55988,                0.58077,                0.52807,                0.36134,                0.55803,                0.57142,                0.51715,                0.31355,                 1.0479,                 1.9183,                0.99172,                 1.0595,               0.002047,               0.002047,               0.002047
                   1207,                 1.0794,                 2.0117,                 1.0458,                 1.0714,                0.56025,                0.57997,                0.52792,                0.36121,                0.55815,                 0.5715,                0.51723,                0.31345,                 1.0482,                 1.9185,                0.99178,                 1.0596,              0.0020404,              0.0020404,              0.0020404
                   1208,                 1.0758,                 2.0036,                 1.0401,                 1.0702,                0.56082,                0.58034,                  0.528,                0.36113,                0.55804,                0.57147,                0.51715,                0.31333,                 1.0482,                 1.9188,                0.99181,                 1.0596,              0.0020338,              0.0020338,              0.0020338
                   1209,                 1.0769,                 2.0028,                 1.0421,                 1.0703,                0.56022,                0.58053,                0.52792,                0.36106,                0.55646,                0.57273,                0.51727,                0.31322,                 1.0483,                 1.9187,                0.99177,                 1.0596,              0.0020272,              0.0020272,              0.0020272
                   1210,                   1.08,                 2.0114,                 1.0453,                 1.0711,                0.55861,                0.58195,                0.52777,                0.36121,                0.55589,                0.57349,                0.51743,                0.31316,                 1.0484,                 1.9187,                0.99178,                 1.0596,              0.0020206,              0.0020206,              0.0020206
                   1211,                   1.08,                 2.0101,                 1.0446,                 1.0723,                0.55898,                0.58235,                0.52776,                0.36113,                0.55609,                0.57352,                0.51741,                 0.3131,                 1.0486,                 1.9185,                0.99173,                 1.0597,               0.002014,               0.002014,               0.002014
                   1212,                 1.0763,                 2.0053,                 1.0399,                 1.0699,                0.55913,                 0.5821,                0.52774,                0.36117,                0.55516,                0.57452,                0.51729,                0.31327,                 1.0486,                 1.9186,                0.99195,                 1.0597,              0.0020074,              0.0020074,              0.0020074
                   1213,                 1.0763,                  2.006,                 1.0429,                 1.0713,                0.55894,                0.58303,                 0.5279,                0.36121,                0.55517,                0.57475,                0.51754,                0.31327,                 1.0485,                 1.9185,                0.99204,                 1.0597,              0.0020008,              0.0020008,              0.0020008
                   1214,                 1.0806,                 2.0073,                 1.0417,                 1.0699,                0.55878,                0.58282,                0.52783,                0.36114,                0.55666,                 0.5736,                0.51763,                0.31324,                 1.0487,                 1.9182,                0.99214,                 1.0596,              0.0019942,              0.0019942,              0.0019942
                   1215,                 1.0808,                  2.012,                 1.0442,                 1.0709,                0.55889,                0.58199,                0.52768,                0.36104,                0.55641,                0.57335,                0.51738,                0.31314,                 1.0486,                 1.9185,                0.99229,                 1.0596,              0.0019876,              0.0019876,              0.0019876
                   1216,                 1.0808,                 2.0079,                 1.0398,                 1.0712,                0.55858,                0.58201,                0.52776,                0.36106,                0.55655,                0.57389,                0.51755,                0.31314,                 1.0487,                 1.9187,                0.99225,                 1.0597,               0.001981,               0.001981,               0.001981
                   1217,                 1.0774,                 2.0028,                 1.0434,                 1.0707,                0.55865,                0.58197,                 0.5278,                0.36104,                0.55713,                0.57293,                0.51764,                 0.3133,                 1.0488,                  1.919,                0.99236,                 1.0597,              0.0019744,              0.0019744,              0.0019744
                   1218,                 1.0776,                  2.001,                 1.0426,                 1.0704,                0.55978,                 0.5806,                0.52773,                0.36098,                0.55829,                0.57087,                0.51748,                0.31335,                  1.049,                 1.9189,                0.99238,                 1.0597,              0.0019678,              0.0019678,              0.0019678
                   1219,                 1.0792,                 2.0045,                 1.0414,                 1.0703,                0.55973,                0.58026,                 0.5278,                0.36099,                0.55693,                0.57206,                0.51748,                0.31335,                  1.049,                 1.9191,                0.99235,                 1.0598,              0.0019612,              0.0019612,              0.0019612
                   1220,                 1.0779,                 2.0054,                 1.0415,                 1.0696,                0.55886,                0.58128,                0.52767,                0.36106,                0.55899,                0.57033,                0.51728,                 0.3133,                  1.049,                 1.9191,                0.99234,                 1.0597,              0.0019546,              0.0019546,              0.0019546
                   1221,                 1.0768,                  2.007,                 1.0398,                 1.0702,                0.55964,                0.58101,                0.52769,                0.36099,                0.55829,                0.57026,                0.51741,                0.31321,                 1.0493,                  1.919,                0.99223,                 1.0598,               0.001948,               0.001948,               0.001948
                   1222,                 1.0781,                 2.0078,                 1.0422,                   1.07,                0.55884,                0.58096,                0.52781,                0.36104,                0.55821,                0.57048,                0.51725,                0.31327,                 1.0493,                  1.919,                0.99232,                 1.0598,              0.0019414,              0.0019414,              0.0019414
                   1223,                 1.0792,                 2.0033,                 1.0446,                 1.0707,                0.55952,                 0.5806,                0.52766,                0.36104,                0.55877,                0.57012,                0.51725,                0.31326,                 1.0492,                  1.919,                0.99231,                 1.0597,              0.0019348,              0.0019348,              0.0019348
                   1224,                  1.079,                 2.0085,                 1.0408,                 1.0716,                0.55941,                0.58076,                 0.5278,                0.36089,                0.55857,                0.56998,                0.51745,                0.31333,                 1.0492,                 1.9191,                0.99221,                 1.0598,              0.0019282,              0.0019282,              0.0019282
                   1225,                 1.0822,                 2.0138,                  1.046,                 1.0721,                0.55889,                0.58069,                0.52774,                0.36091,                 0.5587,                0.57046,                0.51738,                0.31323,                 1.0491,                 1.9188,                0.99224,                 1.0597,              0.0019216,              0.0019216,              0.0019216
                   1226,                 1.0749,                 2.0001,                 1.0374,                 1.0695,                 0.5579,                0.58219,                0.52788,                0.36088,                0.55849,                0.56997,                0.51747,                0.31332,                 1.0491,                 1.9188,                 0.9921,                 1.0597,               0.001915,               0.001915,               0.001915
                   1227,                 1.0769,                 2.0057,                 1.0403,                  1.071,                0.55775,                0.58197,                0.52795,                0.36091,                 0.5584,                0.57042,                0.51765,                 0.3133,                 1.0491,                 1.9188,                0.99208,                 1.0597,              0.0019084,              0.0019084,              0.0019084
                   1228,                 1.0742,                      2,                 1.0392,                 1.0684,                 0.5572,                0.58219,                0.52786,                0.36098,                0.55886,                0.57067,                0.51747,                0.31334,                  1.049,                 1.9188,                0.99202,                 1.0596,              0.0019018,              0.0019018,              0.0019018
                   1229,                   1.08,                 2.0074,                 1.0415,                 1.0701,                0.55823,                0.58164,                0.52802,                0.36093,                0.55817,                0.57119,                0.51757,                0.31327,                 1.0491,                 1.9188,                0.99209,                 1.0597,              0.0018952,              0.0018952,              0.0018952
